ticker,Company Name,Industry,stage,overall_setup_label,final_combined_score,change_1d_pct,change_1w_pct,change_1m_pct,change_ytd_pct,last_close
DELTACORP.NS,Delta Corp Limited,Consumer Services,Stage 3,watchlist,20.07,20.0,33.27,52.01,17.06,81.6
LUXIND.NS,Lux Industries Limited,Textiles,Stage 3,watchlist,46.97,10.0,22.21,92.28,57.04,1747.05
ONESOURCE.NS,Onesource Specialty Pharma Ltd.,Healthcare,Stage 3,watchlist,11.64,9.78,17.41,20.68,-1.07,1768.6
DRREDDY.NS,Dr. Reddy's Laboratories Limited,Healthcare,Stage 3,watchlist,17.59,9.37,8.97,4.43,6.19,1331.0
OFSS.NS,Oracle Financial Services Software Limited,Information Technology,Stage 3,watchlist,3.62,8.18,13.06,38.05,14.36,8791.5
DATAPATTNS.NS,Data Patterns (India) Limited,Capital Goods,Stage 2,watchlist,44.33,8.01,18.47,26.98,58.97,4135.1
MARKSANS.NS,Marksans Pharma Limited,Healthcare,Stage 3,watchlist,13.3,7.62,7.25,19.73,7.44,193.25
MANINFRA.NS,Man Infraconstruction Limited,Construction,Stage 4,watchlist,16.11,7.61,13.68,22.39,-13.39,110.59
IFBIND.NS,IFB Industries Limited,Consumer Durables,Stage 4,watchlist,9.79,7.15,10.34,22.11,-22.85,1203.8
PRAJIND.NS,Praj Industries Limited,Capital Goods,Stage 3,watchlist,44.19,7.12,17.41,32.17,28.26,410.05
STAR.NS,Strides Pharma Science Limited,Healthcare,Stage 2,watchlist,62.67,6.68,7.56,19.1,17.3,1069.0
JTLIND.NS,JTL INDUSTRIES LIMITED,Capital Goods,Stage 3,watchlist,19.97,6.68,13.33,51.46,29.01,76.17
PPLPHARMA.NS,Piramal Pharma Ltd.,Healthcare,Stage 4,watchlist,15.74,6.54,11.1,20.74,-3.54,163.87
BBL.NS,Bharat Bijlee Limited,Capital Goods,Stage 3,watchlist,16.65,6.47,14.32,29.45,11.76,2990.5
GVT&D.NS,GE Vernova T&D India Ltd.,Capital Goods,Stage 2,watchlist,42.49,6.06,10.36,19.53,42.09,4496.4
WELCORP.NS,Welspun Corp Limited,Capital Goods,Stage 3,watchlist,34.19,5.7,11.79,51.46,50.63,1204.1
CIPLA.NS,Cipla Limited,Healthcare,Stage 3,watchlist,18.25,5.63,6.13,5.38,-12.99,1305.9
GODREJIND.NS,Godrej Industries Limited,Diversified,Stage 3,watchlist,9.28,5.6,8.36,20.94,-3.31,996.0
JUBLINGREA.NS,Jubilant Ingrevia Limited,Chemicals,Stage 3,watchlist,18.13,5.27,10.18,28.79,4.46,735.75
RAJESHEXPO.NS,Rajesh Exports Limited,Consumer Durables,Stage 3,watchlist,1.08,4.99,1.29,30.32,-27.98,128.69
TORNTPOWER.NS,Torrent Power Limited,Power,Stage 2,watchlist,62.12,4.8,14.16,20.05,32.25,1737.0
SHILPAMED.NS,Shilpa Medicare Limited,Healthcare,Stage 3,watchlist,38.24,4.71,3.79,35.85,35.38,427.6
CLEAN.NS,Clean Science and Technology Limited,Chemicals,Stage 4,watchlist,3.8,4.59,6.53,15.09,-6.56,800.7
POWERINDIA.NS,Hitachi Energy India Limited,Capital Goods,Stage 2,watchlist,42.49,4.57,12.26,28.68,71.63,31720.0
JIOFIN.NS,Jio Financial Services Limited,Financial Services,Stage 4,watchlist,10.87,4.26,3.06,3.85,-15.91,248.66
GLENMARK.NS,Glenmark Pharmaceuticals Limited,Healthcare,Stage 3,watchlist,29.74,4.24,3.8,11.32,15.24,2335.0
DISHTV.NS,Dish TV India Limited,"Media, Entertainment & Publication",Stage 3,watchlist,4.05,4.15,8.36,77.88,0.5,4.02
ZEEL.NS,Zee Entertainment Enterprises Limited,"Media, Entertainment & Publication",Stage 3,watchlist,0.59,4.12,13.7,23.33,0.78,91.19
JMFINANCIL.NS,JM Financial Limited,Financial Services,Stage 4,watchlist,25.26,3.94,3.29,13.58,-5.73,139.1
TATACOMM.NS,Tata Communications Limited,Telecommunication,Stage 3,watchlist,23.06,3.65,1.24,9.7,-12.74,1580.7
FDC.NS,FDC Limited,Healthcare,Stage 4,watchlist,4.88,3.61,4.54,9.91,-10.06,371.95
GRWRHITECH.NS,Garware Hi-Tech Films Limited,Capital Goods,Stage 2,watchlist,51.79,3.56,5.76,13.83,35.35,4195.7
SAILIFE.NS,Sai Life Sciences Ltd.,Healthcare,Stage 2,watchlist,52.02,3.54,7.12,3.25,15.7,1041.6
AIIL.NS,Authum Investment & Infrastructure Ltd.,Financial Services,Stage 3,watchlist,3.62,3.5,11.94,4.4,-20.0,501.75
TARIL.NS,Transformers And Rectifiers (India) Ltd.,Capital Goods,Stage 3,watchlist,40.12,3.33,0.05,16.62,3.9,319.9
ERIS.NS,Eris Lifesciences Limited,Healthcare,Stage 3,watchlist,21.95,3.17,-4.76,8.51,-7.04,1395.7
BDL.NS,Bharat Dynamics Limited,Capital Goods,Stage 3,watchlist,19.74,3.12,4.7,13.16,-3.59,1423.3
SOLARINDS.NS,Solar Industries India Limited,Chemicals,Stage 3,watchlist,26.53,3.11,5.05,19.67,29.43,15747.0
BBOX.NS,Black Box Limited,Information Technology,Stage 3,watchlist,5.58,3.07,3.39,9.74,0.23,548.3
LAURUSLABS.NS,Laurus Labs Limited,Healthcare,Stage 3,watchlist,24.97,3.0,0.06,19.48,1.68,1129.0
NOCIL.NS,NOCIL Limited,Chemicals,Stage 3,watchlist,36.19,2.88,5.04,30.4,19.56,182.6
TTKPRESTIG.NS,TTK Prestige Limited,Consumer Durables,Stage 4,watchlist,0.0,2.84,7.89,7.35,-15.45,520.05
PRIVISCL.NS,Privi Speciality Chemicals Limited,Chemicals,Stage 2,watchlist,50.55,2.77,10.42,11.11,16.13,3250.8
POLICYBZR.NS,PB Fintech Limited,Financial Services,Stage 3,watchlist,12.56,2.77,7.76,12.23,-7.48,1670.8
MANYAVAR.NS,Vedant Fashions Limited,Consumer Services,Stage 3,watchlist,3.6,2.74,7.71,28.72,-19.7,462.3
ABSLAMC.NS,Aditya Birla Sun Life AMC Limited,Financial Services,Stage 3,watchlist,10.89,2.7,-0.22,12.21,24.19,1047.45
BAJAJHIND.NS,Bajaj Hindusthan Sugar Limited,Fast Moving Consumer Goods,Stage 4,watchlist,30.46,2.65,4.56,26.07,6.88,19.73
MANKIND.NS,Mankind Pharma Limited,Healthcare,Stage 3,watchlist,24.05,2.59,8.96,14.6,5.93,2292.9
SOBHA.NS,Sobha Limited,Realty,Stage 3,watchlist,1.08,2.54,7.67,11.98,-2.75,1422.6
HSCL.NS,Himadri Speciality Chemical Limited,Chemicals,Stage 3,watchlist,16.91,2.5,9.69,18.48,10.47,536.2
DHANUKA.NS,Dhanuka Agritech Limited,Chemicals,Stage 3,watchlist,11.31,2.31,7.11,10.21,-9.03,1071.05
REDTAPE.NS,Redtape Limited,Consumer Durables,Stage 3,watchlist,16.41,2.29,3.44,5.87,1.76,126.38
HUDCO.NS,Housing & Urban Development Corporation Limited,Financial Services,Stage 4,watchlist,9.22,2.29,5.57,20.21,-8.98,204.46
STARCEMENT.NS,Star Cement Limited,Construction Materials,Stage 1,watchlist,5.8,2.26,5.94,11.94,6.31,235.12
ALKYLAMINE.NS,Alkyl Amines Chemicals Limited,Chemicals,Stage 3,watchlist,7.76,2.23,6.89,18.66,-5.77,1525.0
DCAL.NS,Dishman Carbogen Amcis Limited,Healthcare,Stage 4,watchlist,7.13,2.2,2.36,8.88,-31.94,174.55
GRSE.NS,Garden Reach Shipbuilders & Engineers Limited,Capital Goods,Stage 3,watchlist,33.49,2.19,10.42,25.43,18.24,2879.6
YATHARTH.NS,Yatharth Hospital & Trauma Care Services Limited,Healthcare,Stage 3,watchlist,32.1,2.13,-1.87,16.51,12.06,756.65
HCC.NS,Hindustan Construction Company Limited,Construction,Stage 3,watchlist,21.51,2.13,9.22,36.04,8.25,20.61
TTML.NS,Tata Teleservices (Maharashtra) Limited,Telecommunication,Stage 3,watchlist,14.68,2.12,3.43,19.35,-8.66,45.27
GRANULES.NS,Granules India Limited,Healthcare,Stage 2,watchlist,42.1,2.11,5.52,17.93,10.94,686.95
IMFA.NS,Indian Metals & Ferro Alloys Limited,Metals & Mining,Stage 2,watchlist,72.57,2.09,-0.01,27.12,4.05,1551.6
IPCALAB.NS,IPCA Laboratories Limited,Healthcare,Stage 2,watchlist,48.3,2.09,4.43,-1.18,9.15,1526.1
DBCORP.NS,D.B.Corp Limited,"Media, Entertainment & Publication",Stage 3,watchlist,3.6,2.09,3.55,5.56,-15.97,217.61
TRIVENI.NS,Triveni Engineering & Industries Limited,Fast Moving Consumer Goods,Stage 2,watchlist,44.38,2.07,7.97,22.51,10.41,419.9
TIINDIA.NS,Tube Investments of India Limited,Automobile and Auto Components,Stage 3,watchlist,35.07,2.06,12.13,22.01,17.79,3086.8
AKUMS.NS,Akums Drugs and Pharmaceuticals Ltd.,Healthcare,Stage 3,watchlist,35.01,2.03,-2.03,15.23,20.99,539.5
VENUSPIPES.NS,Venus Pipes & Tubes Limited,Capital Goods,Stage 3,watchlist,29.95,2.03,5.99,44.38,19.2,1384.2
RATEGAIN.NS,Rategain Travel Technologies Limited,Information Technology,Stage 4,watchlist,6.65,1.99,0.57,20.48,-16.61,585.4
SRF.NS,SRF Limited,Chemicals,Stage 4,watchlist,3.8,1.99,1.53,2.57,-16.69,2542.4
SPLPETRO.NS,Supreme Petrochem Limited,Chemicals,Stage 3,watchlist,25.31,1.98,6.37,25.79,27.53,820.05
CAMS.NS,Computer Age Management Services Limited,Financial Services,Stage 3,watchlist,26.17,1.96,4.33,20.39,5.32,770.4
PRUDENT.NS,Prudent Corporate Advisory Services Limited,Financial Services,Stage 3,watchlist,4.26,1.94,5.79,23.41,9.9,2804.2
PURVA.NS,Puravankara Limited,Realty,Stage 3,watchlist,1.08,1.92,-1.16,22.35,-7.71,222.31
GILLETTE.NS,Gillette India Limited,Fast Moving Consumer Goods,Stage 3,watchlist,6.14,1.91,3.07,1.21,1.19,8081.0
JUBLPHARMA.NS,Jubilant Pharmova Limited,Healthcare,Stage 4,watchlist,5.96,1.88,4.25,11.12,-10.66,945.35
ACMESOLAR.NS,ACME Solar Holdings Ltd.,Power,Stage 3,watchlist,44.71,1.86,7.57,18.0,30.12,309.2
3MINDIA.NS,3M India Limited,Diversified,Stage 3,watchlist,6.98,1.8,5.98,0.47,-7.96,33135.0
SHYAMMETL.NS,Shyam Metalics and Energy Limited,Metals & Mining,Stage 4,watchlist,26.21,1.77,-4.24,5.22,-1.77,826.95
PNBHOUSING.NS,PNB Housing Finance Limited,Financial Services,Stage 3,watchlist,16.2,1.77,12.75,27.88,2.14,1007.75
ZYDUSLIFE.NS,Zydus Lifesciences Limited,Healthcare,Stage 3,watchlist,9.03,1.77,0.77,8.01,3.42,946.35
MEDPLUS.NS,Medplus Health Services Limited,Consumer Services,Stage 3,watchlist,35.37,1.75,4.24,10.44,11.79,906.25
ADANIENT.NS,Adani Enterprises Limited,Metals & Mining,Stage 3,watchlist,15.09,1.73,4.37,18.75,1.77,2300.0
ELECON.NS,Elecon Engineering Company Limited,Capital Goods,Stage 3,watchlist,40.53,1.72,26.22,33.76,6.67,512.75
JBCHEPHARM.NS,JB Chemicals & Pharmaceuticals Limited,Healthcare,Stage 3,watchlist,2.0,1.7,1.85,-3.52,11.26,2011.5
CYIENTDLM.NS,Cyient DLM Limited,Capital Goods,Stage 4,watchlist,14.76,1.68,13.52,27.78,-7.97,381.55
CGPOWER.NS,CG Power and Industrial Solutions Limited,Capital Goods,Stage 2,watchlist,59.2,1.63,10.83,22.0,31.63,837.8
ARE&M.NS,Amara Raja Energy & Mobility Ltd.,Automobile and Auto Components,Stage 4,watchlist,5.27,1.62,18.2,18.74,-1.56,913.3
TVSSCS.NS,TVS Supply Chain Solutions Limited,Services,Stage 3,watchlist,7.77,1.61,4.54,17.06,2.9,117.53
WHIRLPOOL.NS,Whirlpool of India Limited,Consumer Durables,Stage 3,watchlist,30.82,1.6,11.61,16.69,6.38,947.15
APOLLOHOSP.NS,Apollo Hospitals Enterprise Limited,Healthcare,Stage 3,watchlist,36.58,1.55,3.02,7.29,9.56,7781.0
TORNTPHARM.NS,Torrent Pharmaceuticals Limited,Healthcare,Stage 3,watchlist,5.86,1.53,-0.21,-1.51,8.5,4147.2
COLPAL.NS,Colgate Palmolive (India) Limited,Fast Moving Consumer Goods,Stage 3,watchlist,11.5,1.51,8.74,13.79,2.69,2150.2
STARHEALTH.NS,Star Health and Allied Insurance Company Limited,Financial Services,Stage 3,watchlist,15.04,1.49,3.98,14.08,11.13,516.4
PVRINOX.NS,PVR INOX Limited,"Media, Entertainment & Publication",Stage 4,watchlist,21.39,1.48,5.69,0.76,-1.18,1005.0
DIVISLAB.NS,Divi's Laboratories Limited,Healthcare,Stage 3,watchlist,10.46,1.48,1.35,6.8,0.54,6378.5
COALINDIA.NS,Coal India Limited,"Oil, Gas & Consumable Fuels",Stage 2,watchlist,37.59,1.46,4.14,-0.78,14.02,450.65
LUPIN.NS,Lupin Limited,Healthcare,Stage 2,watchlist,29.37,1.45,0.62,3.99,11.35,2341.4
ROLEXRINGS.NS,Rolex Rings Limited,Automobile and Auto Components,Stage 3,watchlist,12.94,1.45,14.8,32.59,21.95,156.08
TRITURBINE.NS,Triveni Turbine Limited,Capital Goods,Stage 3,watchlist,23.7,1.42,21.18,24.46,8.25,579.0
AAVAS.NS,Aavas Financiers Ltd.,Financial Services,Stage 3,watchlist,19.91,1.39,7.87,27.63,-3.28,1411.3
SAGILITY.NS,Sagility Ltd.,Information Technology,Stage 4,watchlist,3.96,1.39,-2.29,12.78,-18.94,42.17
SCHNEIDER.NS,Schneider Electric Infrastructure Limited,Capital Goods,Stage 3,watchlist,43.65,1.38,12.9,25.89,57.47,1127.0
AARTIDRUGS.NS,Aarti Drugs Limited,Healthcare,Stage 4,watchlist,24.9,1.36,0.96,10.17,-10.25,371.95
BALAMINES.NS,Balaji Amines Limited,Chemicals,Stage 4,watchlist,18.61,1.34,8.14,21.75,11.74,1239.95
APOLLO.NS,Apollo Micro Systems Limited,Capital Goods,Stage 3,watchlist,29.34,1.29,20.15,48.17,5.42,290.96
MTARTECH.NS,Mtar Technologies Limited,Capital Goods,Stage 3,watchlist,12.05,1.29,10.85,53.11,123.23,5347.5
VMM.NS,Vishal Mega Mart Ltd.,Consumer Services,Stage 3,watchlist,3.06,1.28,7.32,22.44,-7.11,126.16
ADANIGREEN.NS,Adani Green Energy Limited,Power,Stage 3,watchlist,43.83,1.27,8.51,42.02,18.35,1214.15
KSCL.NS,Kaveri Seed Company Limited,Fast Moving Consumer Goods,Stage 3,watchlist,23.94,1.25,2.89,23.55,-2.85,946.8
AUBANK.NS,AU Small Finance Bank Limited,Financial Services,Stage 3,watchlist,12.12,1.25,7.35,17.16,5.68,1056.25
GUJALKALI.NS,Gujarat Alkalies and Chemicals Limited,Chemicals,Stage 3,watchlist,24.16,1.24,4.05,48.22,43.95,721.1
SAREGAMA.NS,Saregama India Limited,"Media, Entertainment & Publication",Stage 3,watchlist,31.33,1.23,1.54,3.09,-0.67,348.4
FLUOROCHEM.NS,Gujarat Fluorochemicals Limited,Chemicals,Stage 3,watchlist,29.16,1.22,-1.88,4.85,-9.84,3313.3
DODLA.NS,Dodla Dairy Limited,Fast Moving Consumer Goods,Stage 4,watchlist,9.15,1.22,4.14,8.86,-9.91,1110.3
CHOICEIN.NS,Choice International Limited,Financial Services,Stage 3,watchlist,2.0,1.21,-0.28,16.73,-14.42,717.3
CENTURYPLY.NS,Century Plyboards (India) Limited,Consumer Durables,Stage 3,watchlist,3.85,1.2,4.76,19.34,-4.73,787.2
BHEL.NS,Bharat Heavy Electricals Limited,Capital Goods,Stage 2,watchlist,66.32,1.19,9.16,34.1,15.83,337.6
DYNAMATECH.NS,Dynamatic Technologies Limited,Capital Goods,Stage 2,watchlist,61.87,1.18,12.93,22.96,26.16,11677.5
AKZOINDIA.NS,Akzo Nobel India Limited,Consumer Durables,Stage 3,watchlist,24.44,1.18,-1.66,0.97,-7.43,2949.1
GLAXO.NS,GlaxoSmithKline Pharmaceuticals Limited,Healthcare,Stage 3,watchlist,3.49,1.18,3.09,4.96,1.58,2494.6
JKIL.NS,J.Kumar Infraprojects Limited,Construction,Stage 3,watchlist,1.08,1.16,4.8,5.45,-9.37,521.1
KPIGREEN.NS,KPI Green Energy Limited,Power,Stage 3,watchlist,22.29,1.13,4.16,22.74,-5.31,459.25
PRICOLLTD.NS,Pricol Limited,Automobile and Auto Components,Stage 3,watchlist,26.41,1.11,6.67,15.76,-6.26,619.15
MAHLIFE.NS,Mahindra Lifespace Developers Limited,Realty,Stage 4,watchlist,0.0,1.11,-1.42,-8.93,-17.87,323.45
EQUITASBNK.NS,Equitas Small Finance Bank Limited,Financial Services,Stage 3,watchlist,7.25,1.1,1.48,17.45,3.01,65.95
LLOYDSME.NS,Lloyds Metals And Energy Limited,Metals & Mining,Stage 3,watchlist,38.6,1.09,9.06,43.23,25.54,1697.8
RENUKA.NS,Shree Renuka Sugars Limited,Fast Moving Consumer Goods,Stage 3,watchlist,35.62,1.08,3.55,21.34,10.77,28.89
NESTLEIND.NS,Nestle India Limited,Fast Moving Consumer Goods,Stage 3,watchlist,9.01,1.05,12.18,18.9,9.51,1410.5
HEG.NS,HEG Limited,Capital Goods,Stage 3,watchlist,34.07,1.03,6.63,36.73,7.09,668.4
AUROPHARMA.NS,Aurobindo Pharma Limited,Healthcare,Stage 2,watchlist,36.13,1.0,3.53,15.06,20.32,1435.4
PREMIERENE.NS,Premier Energies Ltd.,Capital Goods,Stage 3,watchlist,21.67,1.0,-0.24,15.77,18.12,1000.7
POLYMED.NS,Poly Medicure Limited,Healthcare,Stage 3,watchlist,13.96,1.0,-0.59,19.95,-14.61,1488.0
ACI.NS,Archean Chemical Industries Limited,Chemicals,Stage 3,watchlist,29.24,0.98,-2.24,3.89,7.73,596.85
ONGC.NS,Oil & Natural Gas Corporation Limited,"Oil, Gas & Consumable Fuels",Stage 2,watchlist,30.56,0.92,1.24,6.37,23.13,286.25
IEX.NS,Indian Energy Exchange Limited,Financial Services,Stage 3,watchlist,13.32,0.91,-5.57,7.33,-3.71,126.92
ATUL.NS,Atul Limited,Chemicals,Stage 3,watchlist,12.98,0.91,1.95,8.13,9.05,6727.0
RAJRATAN.NS,Rajratan Global Wire Limited,Automobile and Auto Components,Stage 3,watchlist,6.68,0.91,-0.41,13.52,-8.85,420.35
ADANIPORTS.NS,Adani Ports and Special Economic Zone Limited,Services,Stage 3,watchlist,4.57,0.9,3.43,18.21,8.22,1602.9
OIL.NS,Oil India Limited,"Oil, Gas & Consumable Fuels",Stage 3,watchlist,20.39,0.88,2.49,-0.66,12.54,473.9
CAPLIPOINT.NS,Caplin Point Laboratories Limited,Healthcare,Stage 4,watchlist,6.44,0.88,0.18,9.01,-1.72,1768.0
CRAFTSMAN.NS,Craftsman Automation Limited,Automobile and Auto Components,Stage 2,watchlist,30.15,0.86,3.17,13.06,0.36,7750.5
ELGIEQUIP.NS,Elgi Equipments Limited,Capital Goods,Stage 3,watchlist,35.57,0.85,3.28,19.77,17.48,559.4
PTCIL.NS,PTC Industries Limited,Capital Goods,Stage 3,watchlist,11.08,0.85,0.15,-8.35,-12.82,15999.0
MARICO.NS,Marico Limited,Fast Moving Consumer Goods,Stage 2,watchlist,31.41,0.83,4.63,5.08,2.43,778.9
NIACL.NS,The New India Assurance Company Limited,Financial Services,Stage 3,watchlist,23.97,0.83,-3.4,26.25,5.55,164.15
GUJGASLTD.NS,Gujarat Gas Limited,"Oil, Gas & Consumable Fuels",Stage 4,watchlist,5.0,0.82,15.05,8.95,-8.26,386.0
LT.NS,Larsen & Toubro Limited,Construction,Stage 3,watchlist,0.42,0.82,-1.59,18.04,-2.08,4054.1
CARBORUNIV.NS,Carborundum Universal Limited,Capital Goods,Stage 3,watchlist,42.25,0.81,7.03,26.82,10.6,949.05
INTELLECT.NS,Intellect Design Arena Limited,Information Technology,Stage 4,watchlist,6.12,0.78,0.31,6.07,-26.02,701.15
BIKAJI.NS,Bikaji Foods International Limited,Fast Moving Consumer Goods,Stage 4,watchlist,17.29,0.77,7.53,13.12,-6.53,690.15
NATIONALUM.NS,National Aluminium Company Limited,Metals & Mining,Stage 2,watchlist,52.92,0.76,1.51,16.51,41.37,439.25
SHANTIGEAR.NS,Shanthi Gears Limited,Capital Goods,Stage 3,watchlist,32.41,0.75,-0.23,8.46,3.31,477.5
SUMICHEM.NS,Sumitomo Chemical India Limited,Chemicals,Stage 4,watchlist,27.3,0.75,5.72,17.08,-4.66,447.6
TDPOWERSYS.NS,TD Power Systems Limited,Capital Goods,Stage 2,watchlist,59.97,0.73,10.27,28.43,58.88,1070.45
NYKAA.NS,FSN E-Commerce Ventures Limited,Consumer Services,Stage 3,watchlist,2.85,0.73,-0.29,9.38,-1.47,261.85
NCC.NS,NCC Limited,Construction,Stage 4,watchlist,9.3,0.71,2.98,15.83,2.18,165.14
ABREL.NS,Aditya Birla Real Estate Ltd.,Forest Materials,Stage 4,watchlist,14.5,0.67,0.1,20.8,-15.3,1423.4
BHARTIARTL.NS,Bharti Airtel Limited,Telecommunication,Stage 4,watchlist,10.0,0.67,0.03,0.78,-12.76,1841.2
GSPL.NS,Gujarat State Petronet Limited,"Oil, Gas & Consumable Fuels",Stage 3,watchlist,6.08,0.66,12.36,10.41,-9.13,283.48
BALMLAWRIE.NS,Balmer Lawrie & Company Limited,Diversified,Stage 4,watchlist,8.33,0.65,3.53,10.75,-0.41,179.61
FCL.NS,Fineotex Chemical Limited,Chemicals,Stage 3,watchlist,2.88,0.65,0.91,6.96,-5.5,23.2
DATAMATICS.NS,Datamatics Global Services Limited,Information Technology,Stage 4,watchlist,2.94,0.64,-0.4,6.97,-8.17,728.6
SUNPHARMA.NS,Sun Pharmaceutical Industries Limited,Healthcare,Stage 1,watchlist,24.71,0.62,-0.77,-3.69,-1.75,1680.1
COCHINSHIP.NS,Cochin Shipyard Limited,Capital Goods,Stage 3,watchlist,17.48,0.61,6.32,17.0,-1.61,1592.8
VTL.NS,Vardhman Textiles Limited,Textiles,Stage 2,watchlist,47.03,0.59,4.39,7.59,30.76,569.4
BHARTIHEXA.NS,Bharti Hexacom Ltd.,Telecommunication,Stage 4,watchlist,32.12,0.59,1.72,-2.02,-13.87,1559.3
IKS.NS,Inventurus Knowledge Solutions Ltd.,Information Technology,Stage 4,watchlist,2.34,0.59,-5.72,7.33,-14.68,1435.3
PARADEEP.NS,Paradeep Phosphates Limited,Chemicals,Stage 4,watchlist,4.79,0.58,12.55,21.15,-16.87,137.06
APLLTD.NS,Alembic Pharmaceuticals Limited,Healthcare,Stage 4,watchlist,26.79,0.54,2.73,17.29,-8.23,768.75
SIEMENS.NS,Siemens Ltd.,Capital Goods,Stage 2,watchlist,61.53,0.52,8.43,25.51,25.01,3864.4
AIAENG.NS,AIA Engineering Limited,Capital Goods,Stage 2,watchlist,33.66,0.52,3.93,14.18,1.23,4079.6
ASTRAMICRO.NS,Astra Microwave Products Limited,Capital Goods,Stage 3,watchlist,10.78,0.51,5.66,24.97,15.52,1135.55
SYMPHONY.NS,Symphony Limited,Consumer Durables,Stage 3,watchlist,3.6,0.51,-0.63,3.06,-11.81,806.75
TATACONSUM.NS,TATA CONSUMER PRODUCTS LIMITED,Fast Moving Consumer Goods,Stage 1,watchlist,10.09,0.49,7.42,13.38,0.64,1184.4
ASTERDM.NS,Aster DM Healthcare Limited,Healthcare,Stage 2,watchlist,52.49,0.48,1.96,8.55,13.83,687.6
ISGEC.NS,Isgec Heavy Engineering Limited,Construction,Stage 3,watchlist,33.46,0.48,3.3,20.38,18.96,1069.55
ZAGGLE.NS,Zaggle Prepaid Ocean Services Limited,Information Technology,Stage 3,watchlist,3.6,0.46,-0.93,26.29,-24.67,261.67
TEAMLEASE.NS,Teamlease Services Limited,Services,Stage 4,watchlist,2.34,0.46,1.72,6.45,-20.55,1243.7
IMAGICAA.NS,Imagicaaworld Entertainment Limited,Consumer Services,Stage 4,watchlist,0.36,0.44,-1.13,19.8,0.27,47.99
APARINDS.NS,Apar Industries Limited,Capital Goods,Stage 2,watchlist,57.16,0.42,5.07,23.34,42.16,11838.0
IDEA.NS,Vodafone Idea Limited,Telecommunication,Stage 4,watchlist,10.0,0.42,0.52,7.16,-17.41,9.58
PFIZER.NS,Pfizer Limited,Healthcare,Stage 4,watchlist,23.4,0.4,-1.56,1.24,-2.7,4783.2
PIIND.NS,PI Industries Limited,Chemicals,Stage 3,watchlist,19.91,0.4,-1.37,6.18,-4.49,3069.6
FORTIS.NS,Fortis Healthcare Limited,Healthcare,Stage 3,watchlist,5.62,0.4,6.05,13.25,2.91,926.75
PATELENG.NS,Patel Engineering Limited,Construction,Stage 3,watchlist,17.91,0.39,0.57,15.41,0.14,28.46
CRISIL.NS,CRISIL Limited,Financial Services,Stage 3,watchlist,3.62,0.39,5.73,10.05,1.54,4353.9
ORIENTELEC.NS,Orient Electric Limited,Consumer Durables,Stage 3,watchlist,22.18,0.38,10.07,13.96,7.75,187.09
NUVAMA.NS,Nuvama Wealth Management Ltd.,Financial Services,Stage 3,watchlist,21.04,0.36,0.75,19.61,-5.61,1376.7
HINDWAREAP.NS,Hindware Home Innovation Limited,Consumer Durables,Stage 4,watchlist,16.11,0.33,8.26,16.22,-15.11,230.86
NEWGEN.NS,Newgen Software Technologies Limited,Information Technology,Stage 4,watchlist,6.71,0.32,-0.45,8.23,-42.98,476.1
FSL.NS,Firstsource Solutions Limited,Services,Stage 4,watchlist,9.01,0.3,-7.87,2.18,-31.16,225.01
GODREJCP.NS,Godrej Consumer Products Ltd.,Fast Moving Consumer Goods,Stage 4,watchlist,5.0,0.3,5.72,11.81,-7.68,1142.95
MCX.NS,Multi Commodity Exchange of India Limited,Financial Services,Stage 2,watchlist,35.74,0.29,-2.47,10.31,27.01,2791.4
PAGEIND.NS,Page Industries Limited,Textiles,Stage 3,watchlist,28.6,0.29,2.66,21.59,6.89,37965.0
BEL.NS,Bharat Electronics Limited,Capital Goods,Stage 2,watchlist,45.91,0.28,-1.25,4.45,13.62,449.95
CASTROLIND.NS,Castrol India Limited,"Oil, Gas & Consumable Fuels",Stage 4,watchlist,31.91,0.28,1.81,1.29,-0.86,183.85
INDIACEM.NS,The India Cements Limited,Construction Materials,Stage 3,watchlist,4.04,0.27,3.04,19.21,-2.74,424.1
JYOTHYLAB.NS,Jyothy Labs Limited,Fast Moving Consumer Goods,Stage 3,watchlist,8.6,0.26,12.82,24.22,-6.94,258.51
COROMANDEL.NS,Coromandel International Limited,Chemicals,Stage 4,watchlist,3.8,0.26,-1.83,3.35,-9.51,2039.8
VGUARD.NS,V-Guard Industries Limited,Consumer Durables,Stage 3,watchlist,9.69,0.24,2.61,2.99,3.83,333.75
RATNAMANI.NS,Ratnamani Metals & Tubes Limited,Capital Goods,Stage 3,watchlist,43.71,0.22,4.72,4.82,2.95,2459.8
LGBBROSLTD.NS,LG Balakrishnan & Bros Limited,Automobile and Auto Components,Stage 3,watchlist,9.53,0.22,2.71,2.36,-0.27,1784.2
NAVINFLUOR.NS,Navin Fluorine International Limited,Chemicals,Stage 3,watchlist,6.38,0.22,0.39,0.29,5.87,6280.5
NAZARA.NS,Nazara Technologies Limited,"Media, Entertainment & Publication",Stage 4,watchlist,5.79,0.22,4.6,12.3,-2.8,272.16
NTPCGREEN.NS,NTPC Green Energy Ltd.,Power,Stage 3,watchlist,30.08,0.2,4.6,15.08,19.51,113.79
ASTRAZEN.NS,AstraZeneca Pharma India Limited,Healthcare,Stage 4,watchlist,18.38,0.2,-0.84,1.03,-3.66,8456.5
YESBANK.NS,Yes Bank Limited,Financial Services,Stage 4,watchlist,2.9,0.2,0.4,8.92,-6.79,20.03
PCBL.NS,PCBL LIMITED,Chemicals,Stage 4,watchlist,18.11,0.19,2.31,18.35,-1.88,290.67
EMCURE.NS,Emcure Pharmaceuticals Ltd.,Healthcare,Stage 3,watchlist,9.43,0.19,-2.32,8.85,14.21,1601.0
CDSL.NS,Central Depository Services (India) Ltd.,Financial Services,Stage 4,watchlist,11.91,0.18,-3.23,10.84,-8.48,1323.6
WSTCSTPAPR.NS,West Coast Paper Mills Limited,Forest Materials,Stage 3,watchlist,9.95,0.18,-1.34,17.93,18.9,495.15
THERMAX.NS,Thermax Limited,Capital Goods,Stage 3,watchlist,45.14,0.16,-1.62,25.4,32.52,4059.7
JSWENERGY.NS,JSW Energy Limited,Power,Stage 3,watchlist,37.44,0.15,4.75,10.97,11.83,561.4
HINDALCO.NS,Hindalco Industries Limited,Metals & Mining,Stage 2,watchlist,49.58,0.14,0.14,16.09,16.36,1041.35
MAXHEALTH.NS,Max Healthcare Institute Limited,Healthcare,Stage 4,watchlist,10.27,0.14,1.63,5.63,-4.06,1006.75
JINDALSAW.NS,Jindal Saw Limited,Capital Goods,Stage 3,watchlist,34.17,0.13,10.78,29.54,46.47,245.28
KPRMILL.NS,K.P.R. Mill Ltd.,Textiles,Stage 4,watchlist,33.51,0.13,3.71,11.09,1.88,927.0
GREENLAM.NS,Greenlam Industries Limited,Consumer Durables,Stage 3,watchlist,1.08,0.13,2.76,7.26,-5.88,228.17
SAIL.NS,Steel Authority of India Limited,Metals & Mining,Stage 2,watchlist,41.14,0.12,2.99,15.67,18.86,176.45
ZFCVINDIA.NS,ZF Commercial Vehicle Control Systems India Limited,Automobile and Auto Components,Stage 2,watchlist,27.44,0.11,5.86,13.55,3.2,15200.0
WELSPUNLIV.NS,Welspun Living Ltd.,Textiles,Stage 3,watchlist,31.33,0.1,7.81,17.95,1.1,133.5
NEOGEN.NS,Neogen Chemicals Limited,Chemicals,Stage 3,watchlist,24.31,0.08,10.48,22.63,41.16,1660.0
OLECTRA.NS,Olectra Greentech Limited,Automobile and Auto Components,Stage 3,watchlist,31.71,0.07,0.83,22.29,1.94,1223.9
AJANTPHARM.NS,Ajanta Pharma Limited,Healthcare,Stage 3,watchlist,21.22,0.06,-1.66,-5.54,-5.36,2780.8
BIOCON.NS,Biocon Ltd.,Healthcare,Stage 4,watchlist,2.67,0.06,2.07,-2.86,-7.67,358.0
TANLA.NS,Tanla Platforms Limited,Information Technology,Stage 4,watchlist,1.8,0.06,2.64,20.79,-4.0,500.45
NATCOPHARM.NS,Natco Pharma Limited,Healthcare,Stage 3,watchlist,28.41,0.04,-1.41,14.22,20.84,1071.45
TITAN.NS,Titan Company Limited,Consumer Durables,Stage 3,watchlist,8.77,0.04,-0.11,10.37,10.06,4456.5
UJJIVANSFB.NS,Ujjivan Small Finance Bank Limited,Financial Services,Stage 2,watchlist,38.95,0.03,-1.23,11.47,9.57,58.51
BEML.NS,BEML Limited,Capital Goods,Stage 4,watchlist,34.22,0.01,5.24,22.01,-0.74,1831.1
IRB.NS,IRB Infrastructure Developers Limited,Construction,Stage 3,watchlist,12.47,0.0,0.23,6.41,5.25,22.15
ALLCARGO.NS,Allcargo Logistics Limited,Services,Stage 3,watchlist,10.8,0.0,-3.43,15.98,-12.69,9.29
DABUR.NS,Dabur India Limited,Fast Moving Consumer Goods,Stage 4,watchlist,5.0,0.0,7.59,6.93,-7.99,460.0
GENSOL.NS,Gensol Engineering Limited,Services,Stage 3,watchlist,3.6,0.0,-0.25,12.67,-9.17,24.36
BAJAJHLDNG.NS,Bajaj Holdings & Investment Limited,Financial Services,Stage 3,watchlist,2.0,0.0,1.68,7.26,-8.51,10376.5
UTKARSHBNK.NS,Utkarsh Small Finance Bank Limited,Financial Services,Stage 3,watchlist,2.0,0.0,4.23,18.77,-4.68,14.05
MIDHANI.NS,Mishra Dhatu Nigam Limited,Capital Goods,Stage 3,watchlist,32.38,-0.01,5.6,25.19,13.2,385.85
KDDL.NS,KDDL Limited,Consumer Durables,Stage 3,watchlist,5.96,-0.01,6.84,13.73,3.47,2551.2
PGHH.NS,Procter & Gamble Hygiene and Health Care Limited,Fast Moving Consumer Goods,Stage 4,watchlist,6.8,-0.02,5.72,5.12,-18.37,10427.0
JAMNAAUTO.NS,Jamna Auto Industries Limited,Automobile and Auto Components,Stage 3,watchlist,7.69,-0.03,-1.43,7.88,-0.21,126.25
ANANDRATHI.NS,Anand Rathi Wealth Limited,Financial Services,Stage 2,watchlist,62.69,-0.04,-0.56,19.51,16.73,3612.6
INGERRAND.NS,Ingersoll Rand (India) Limited,Capital Goods,Stage 3,watchlist,34.77,-0.04,2.47,16.73,20.16,4188.2
ABBOTINDIA.NS,Abbott India Limited,Healthcare,Stage 4,watchlist,19.18,-0.04,-1.74,-4.17,-10.8,25410.0
MEDANTA.NS,Global Health Limited,Healthcare,Stage 3,watchlist,13.75,-0.04,1.75,9.54,-6.76,1111.35
CESC.NS,CESC Limited,Power,Stage 3,watchlist,21.61,-0.05,5.69,16.98,7.83,180.18
JUBLFOOD.NS,Jubilant Foodworks Limited,Consumer Services,Stage 4,watchlist,1.44,-0.05,7.22,8.51,-10.9,492.85
JAYNECOIND.NS,Jayaswal Neco Industries Limited,Capital Goods,Stage 3,watchlist,43.05,-0.06,-1.49,38.6,11.85,97.23
TECHNOE.NS,Techno Electric & Engineering Company Limited,Construction,Stage 3,watchlist,31.86,-0.06,3.54,14.05,17.37,1249.25
ITC.NS,ITC Limited,Fast Moving Consumer Goods,Stage 4,watchlist,26.26,-0.07,0.63,2.45,-14.33,305.3
RAMKY.NS,Ramky Infrastructure Limited,Construction,Stage 3,watchlist,17.91,-0.07,0.46,8.79,-6.84,513.55
RVNL.NS,Rail Vikas Nigam Limited,Construction,Stage 4,watchlist,1.8,-0.07,4.53,17.1,-14.75,307.21
VENTIVE.NS,Ventive Hospitality Ltd.,Consumer Services,Stage 4,watchlist,0.0,-0.07,1.86,-5.38,-16.56,621.25
EIDPARRY.NS,EID Parry India Limited,Chemicals,Stage 3,watchlist,32.62,-0.1,2.24,9.52,-14.38,871.6
HINDUNILVR.NS,Hindustan Unilever Limited,Fast Moving Consumer Goods,Stage 3,watchlist,9.71,-0.1,10.63,13.92,1.87,2366.4
MRPL.NS,Mangalore Refinery and Petrochemicals Limited,"Oil, Gas & Consumable Fuels",Stage 3,watchlist,12.42,-0.11,6.91,1.21,24.42,187.01
AMBER.NS,Amber Enterprises India Limited,Consumer Durables,Stage 3,watchlist,8.72,-0.11,1.04,16.74,20.9,7795.0
PFC.NS,Power Finance Corporation Limited,Financial Services,Stage 3,watchlist,8.0,-0.11,2.38,14.98,31.68,469.8
ITI.NS,ITI Limited,Telecommunication,Stage 3,watchlist,19.54,-0.12,4.4,10.67,-2.25,303.85
GICRE.NS,General Insurance Corporation of India,Financial Services,Stage 3,watchlist,17.47,-0.13,-0.31,10.52,5.54,398.8
RESPONIND.NS,Responsive Industries Limited,Consumer Durables,Stage 4,watchlist,0.0,-0.14,-1.27,0.45,-23.25,153.1
ABB.NS,ABB India Limited,Capital Goods,Stage 2,watchlist,43.14,-0.15,10.05,21.91,46.34,7575.5
AETHER.NS,Aether Industries Limited,Chemicals,Stage 2,watchlist,57.61,-0.16,-0.51,10.56,31.42,1181.4
KPIL.NS,Kalpataru Projects International Limited,Construction,Stage 3,watchlist,17.21,-0.16,4.99,18.4,5.14,1264.0
DCMSHRIRAM.NS,DCM Shriram Limited,Diversified,Stage 1,watchlist,14.85,-0.16,1.45,14.78,-4.97,1202.2
PERSISTENT.NS,Persistent Systems Limited,Information Technology,Stage 4,watchlist,0.0,-0.16,-7.91,10.05,-19.09,5065.2
ANURAS.NS,Anupam Rasayan India Limited,Chemicals,Stage 2,watchlist,41.21,-0.17,5.89,7.84,1.09,1341.0
HONAUT.NS,Honeywell Automation India Limited,Capital Goods,Stage 4,watchlist,13.42,-0.17,2.54,14.74,-1.21,32650.0
TITAGARH.NS,TITAGARH RAIL SYSTEMS LIMITED,Capital Goods,Stage 4,watchlist,11.8,-0.17,0.59,19.33,-15.87,741.8
ADVENZYMES.NS,Advanced Enzyme Technologies Limited,Healthcare,Stage 3,watchlist,6.27,-0.17,-2.45,9.36,-1.78,298.65
POWERGRID.NS,Power Grid Corporation of India Limited,Power,Stage 3,watchlist,25.95,-0.19,2.21,7.57,20.96,319.15
CONCORDBIO.NS,Concord Biotech Limited,Healthcare,Stage 4,watchlist,24.83,-0.19,1.23,-4.61,-21.41,1050.2
AADHARHFC.NS,Aadhar Housing Finance Ltd.,Financial Services,Stage 3,watchlist,22.07,-0.19,-0.62,5.58,1.49,488.55
JUSTDIAL.NS,Just Dial Limited,Consumer Services,Stage 4,watchlist,1.8,-0.19,-0.02,5.39,-25.06,544.3
CHENNPETRO.NS,Chennai Petroleum Corporation Limited,"Oil, Gas & Consumable Fuels",Stage 2,watchlist,56.1,-0.2,9.02,5.63,27.31,1069.3
HONASA.NS,Honasa Consumer Ltd.,Fast Moving Consumer Goods,Stage 2,watchlist,36.08,-0.2,0.32,24.95,22.02,346.05
ULTRACEMCO.NS,UltraTech Cement Limited,Construction Materials,Stage 1,watchlist,8.47,-0.21,2.88,12.51,2.24,12167.0
WONDERLA.NS,Wonderla Holidays Limited,Consumer Services,Stage 3,watchlist,18.93,-0.22,-5.55,2.79,0.51,529.85
VSTIND.NS,VST Industries Limited,Fast Moving Consumer Goods,Stage 3,watchlist,18.57,-0.22,9.01,20.67,3.05,263.3
PAYTM.NS,One 97 Communications Limited,Financial Services,Stage 4,watchlist,8.6,-0.22,0.93,11.3,-10.23,1159.55
BALRAMCHIN.NS,Balrampur Chini Mills Limited,Fast Moving Consumer Goods,Stage 3,watchlist,10.34,-0.23,11.69,11.72,23.27,540.3
BOROLTD.NS,Borosil Limited,Consumer Durables,Stage 3,watchlist,5.22,-0.24,-4.55,11.89,-8.56,252.92
ROSSARI.NS,Rossari Biotech Limited,Chemicals,Stage 4,watchlist,2.36,-0.24,6.92,22.94,-11.71,511.35
GMMPFAUDLR.NS,GMM Pfaudler Limited,Capital Goods,Stage 3,watchlist,11.62,-0.25,-0.46,3.61,-15.77,914.0
360ONE.NS,360 ONE WAM LIMITED,Financial Services,Stage 4,watchlist,4.79,-0.25,-2.25,1.13,-10.8,1052.25
ABCAPITAL.NS,Aditya Birla Capital Limited,Financial Services,Stage 3,watchlist,11.6,-0.27,3.49,11.99,-3.37,349.75
SALASAR.NS,Salasar Techno Engineering Limited,Capital Goods,Stage 4,watchlist,10.0,-0.27,-0.8,7.67,-16.03,7.44
LATENTVIEW.NS,Latent View Analytics Limited,Information Technology,Stage 4,watchlist,0.0,-0.27,-3.27,10.84,-34.39,298.55
ENDURANCE.NS,Endurance Technologies Limited,Automobile and Auto Components,Stage 4,watchlist,18.11,-0.28,0.35,5.12,-5.93,2392.5
GLAND.NS,Gland Pharma Limited,Healthcare,Stage 1,watchlist,21.33,-0.29,3.45,12.44,4.68,1795.4
HYUNDAI.NS,Hyundai Motor India Ltd.,Automobile and Auto Components,Stage 4,watchlist,4.79,-0.29,-0.45,-5.5,-20.19,1844.2
TATACHEM.NS,Tata Chemicals Limited,Chemicals,Stage 4,watchlist,7.4,-0.3,0.15,11.13,-5.78,707.7
KPITTECH.NS,KPIT Technologies Limited,Information Technology,Stage 4,watchlist,0.9,-0.31,-1.69,11.34,-36.78,733.65
WELENT.NS,Welspun Enterprises Limited,Construction,Stage 3,watchlist,13.04,-0.33,9.18,11.03,-1.1,508.8
KALYANKJIL.NS,Kalyan Jewellers India Limited,Consumer Durables,Stage 3,watchlist,6.72,-0.34,-6.23,10.51,-14.74,412.85
CERA.NS,Cera Sanitaryware Limited,Consumer Durables,Stage 3,watchlist,28.09,-0.35,3.77,14.95,4.41,5469.8
FEDERALBNK.NS,The Federal Bank Limited,Financial Services,Stage 2,watchlist,27.46,-0.35,3.87,11.09,10.95,295.4
KKCL.NS,Kewal Kiran Clothing Limited,Textiles,Stage 3,watchlist,10.54,-0.35,-0.06,10.3,-0.56,479.05
HATSUN.NS,Hatsun Agro Product Limited,Fast Moving Consumer Goods,Stage 1,watchlist,22.45,-0.36,7.65,1.97,3.72,1010.1
HGS.NS,Hinduja Global Solutions Limited,Services,Stage 3,watchlist,20.15,-0.36,-0.97,14.91,-9.67,413.8
APOLLOTYRE.NS,Apollo Tyres Limited,Automobile and Auto Components,Stage 3,watchlist,4.7,-0.36,-2.52,3.1,-11.89,432.45
JISLJALEQS.NS,Jain Irrigation Systems Limited,Capital Goods,Stage 4,watchlist,26.11,-0.37,-5.81,6.01,-23.03,32.26
MAZDOCK.NS,Mazagon Dock Shipbuilders Limited,Capital Goods,Stage 3,watchlist,10.27,-0.37,5.04,14.08,9.1,2693.8
SUPREMEIND.NS,Supreme Industries Limited,Capital Goods,Stage 4,watchlist,26.32,-0.38,0.37,-4.32,5.54,3677.3
VAIBHAVGBL.NS,Vaibhav Global Limited,Consumer Durables,Stage 3,watchlist,5.42,-0.39,1.21,9.69,-6.52,222.7
RAIN.NS,Rain Industries Limited,Chemicals,Stage 3,watchlist,3.03,-0.4,0.14,22.6,-9.92,132.16
DBL.NS,Dilip Buildcon Limited,Construction,Stage 4,watchlist,0.18,-0.4,0.04,6.98,-3.89,455.45
INDIAMART.NS,Indiamart Intermesh Limited,Consumer Services,Stage 4,watchlist,16.68,-0.42,0.17,6.43,-1.58,2159.4
TRIDENT.NS,Trident Limited,Textiles,Stage 4,watchlist,12.67,-0.42,0.43,9.76,-3.13,25.99
WAAREEENER.NS,Waaree Energies Ltd.,Capital Goods,Stage 3,watchlist,42.45,-0.43,-0.75,8.15,15.49,3413.0
AHLUCONT.NS,Ahluwalia Contracts (India) Limited,Construction,Stage 4,watchlist,3.08,-0.44,7.18,20.1,-7.61,886.25
HATHWAY.NS,Hathway Cable & Datacom Limited,"Media, Entertainment & Publication",Stage 4,watchlist,16.22,-0.45,-3.14,13.37,-10.76,11.11
JWL.NS,Jupiter Wagons Limited,Capital Goods,Stage 4,watchlist,26.29,-0.46,1.45,8.83,-15.38,285.25
SPARC.NS,Sun Pharma Advanced Research Company Limited,Healthcare,Stage 3,watchlist,24.91,-0.46,-6.31,24.03,5.81,142.88
PNC.NS,Pritish Nandy Communications Limited,"Media, Entertainment & Publication",Stage 4,watchlist,2.79,-0.46,-0.32,4.47,-21.85,21.5
SKIPPER.NS,Skipper Limited,Capital Goods,Stage 3,watchlist,36.59,-0.47,15.31,33.71,9.08,469.65
ADANIENSOL.NS,Adani Energy Solutions Limited,Power,Stage 3,watchlist,46.02,-0.5,11.34,35.41,30.09,1361.25
RBA.NS,Restaurant Brands Asia Limited,Consumer Services,Stage 4,watchlist,1.8,-0.5,0.94,3.86,-0.06,63.5
JSWSTEEL.NS,JSW Steel Limited,Metals & Mining,Stage 3,watchlist,14.2,-0.51,3.47,11.15,7.3,1257.0
MINDACORP.NS,Minda Corporation Limited,Automobile and Auto Components,Stage 4,watchlist,4.02,-0.51,6.54,7.61,-7.81,538.7
GODFRYPHLP.NS,Godfrey Phillips India Limited,Fast Moving Consumer Goods,Stage 4,watchlist,6.8,-0.52,1.34,7.88,-5.99,2153.3
RPOWER.NS,Reliance Power Limited,Power,Stage 4,watchlist,11.8,-0.53,4.15,38.03,-13.34,30.09
CHOLAHLDNG.NS,Cholamandalam Financial Holdings Limited,Financial Services,Stage 4,watchlist,3.44,-0.53,-0.49,9.41,-16.18,1574.7
LINDEINDIA.NS,Linde India Limited,Chemicals,Stage 3,watchlist,23.35,-0.54,0.15,3.15,22.42,7232.5
GODIGIT.NS,Go Digit General Insurance Ltd.,Financial Services,Stage 4,watchlist,21.87,-0.54,0.28,-2.75,-7.74,319.95
BASF.NS,BASF India Limited,Chemicals,Stage 4,watchlist,21.71,-0.54,1.54,12.91,-4.55,3737.4
BAJAJ-AUTO.NS,Bajaj Auto Limited,Automobile and Auto Components,Stage 3,watchlist,10.38,-0.54,-2.79,7.69,-0.08,9550.5
GSFC.NS,Gujarat State Fertilizers & Chemicals Limited,Chemicals,Stage 4,watchlist,7.62,-0.54,1.9,12.26,-4.22,174.3
SWIGGY.NS,Swiggy Ltd.,Consumer Services,Stage 4,watchlist,21.6,-0.56,4.51,3.46,-24.99,293.05
SIGNATURE.NS,Signatureglobal (India) Ltd.,Realty,Stage 4,watchlist,2.79,-0.56,6.08,11.61,-24.16,856.0
EMUDHRA.NS,eMudhra Limited,Information Technology,Stage 4,watchlist,0.0,-0.57,0.47,23.7,-10.41,501.55
PNCINFRA.NS,PNC Infratech Limited,Construction,Stage 4,watchlist,1.8,-0.58,9.25,18.52,-12.06,220.94
NEULANDLAB.NS,Neuland Laboratories Limited,Healthcare,Stage 3,watchlist,15.42,-0.6,-0.15,23.77,-0.55,14977.0
PATANJALI.NS,Patanjali Foods Ltd.,Fast Moving Consumer Goods,Stage 4,watchlist,6.26,-0.6,0.92,-1.06,-15.08,469.25
NFL.NS,National Fertilizers Limited,Chemicals,Stage 4,watchlist,2.0,-0.6,1.41,13.6,-14.32,77.41
HCLTECH.NS,HCL Technologies Limited,Information Technology,Stage 4,watchlist,0.0,-0.6,-11.9,-2.61,-21.27,1277.6
SUNTECK.NS,Sunteck Realty Limited,Realty,Stage 4,watchlist,0.0,-0.6,5.31,15.06,-17.26,355.7
HNDFDS.NS,Hindustan Foods Limited,Fast Moving Consumer Goods,Stage 4,watchlist,21.44,-0.61,-2.72,2.88,-4.08,491.95
LAOPALA.NS,La Opala RG Limited,Consumer Durables,Stage 4,watchlist,16.11,-0.61,-0.57,-3.71,-11.5,178.95
WIPRO.NS,Wipro Limited,Information Technology,Stage 4,watchlist,5.69,-0.61,-3.57,7.62,-22.2,202.76
GRAPHITE.NS,Graphite India Limited,Capital Goods,Stage 2,watchlist,45.81,-0.63,7.98,22.78,13.62,736.4
WOCKPHARMA.NS,Wockhardt Limited,Healthcare,Stage 3,watchlist,7.04,-0.63,6.03,21.38,1.28,1441.1
BIRLACORPN.NS,Birla Corporation Limited,Construction Materials,Stage 3,watchlist,3.6,-0.64,-2.91,15.66,-15.12,942.25
LTF.NS,L&T Finance Ltd.,Financial Services,Stage 3,watchlist,7.06,-0.65,4.18,13.82,-7.92,292.12
CIEINDIA.NS,CIE Automotive India Limited,Automobile and Auto Components,Stage 2,watchlist,41.85,-0.66,-1.56,1.76,9.51,468.6
WESTLIFE.NS,WESTLIFE FOODWORLD LIMITED,Consumer Services,Stage 4,watchlist,2.88,-0.66,3.11,11.66,-10.63,481.3
TCS.NS,Tata Consultancy Services Limited,Information Technology,Stage 4,watchlist,1.8,-0.66,-2.14,7.04,-20.44,2521.8
CUMMINSIND.NS,Cummins India Limited,Capital Goods,Stage 3,watchlist,44.19,-0.67,2.75,14.9,16.33,5176.9
SURYAROSNI.NS,Surya Roshni Limited,Capital Goods,Stage 4,watchlist,10.0,-0.67,0.99,17.87,-12.66,240.72
ADANIPOWER.NS,Adani Power Limited,Power,Stage 2,watchlist,74.48,-0.68,10.86,41.83,43.98,214.18
CAMPUS.NS,Campus Activewear Limited,Consumer Durables,Stage 3,watchlist,1.08,-0.68,-0.28,9.04,-4.94,249.0
RELAXO.NS,Relaxo Footwears Limited,Consumer Durables,Stage 4,watchlist,0.0,-0.69,1.67,13.52,-23.12,309.56
GAIL.NS,GAIL (India) Limited,"Oil, Gas & Consumable Fuels",Stage 3,watchlist,8.51,-0.7,3.8,14.34,-0.97,164.96
TARC.NS,TARC Limited,Realty,Stage 4,watchlist,1.8,-0.7,2.7,13.2,-19.4,139.37
IOB.NS,Indian Overseas Bank,Financial Services,Stage 3,watchlist,14.83,-0.71,0.6,11.03,-3.17,35.14
MUTHOOTFIN.NS,Muthoot Finance Limited,Financial Services,Stage 3,watchlist,5.29,-0.71,0.38,8.62,-6.45,3561.4
AXISBANK.NS,Axis Bank Limited,Financial Services,Stage 3,watchlist,8.75,-0.72,1.48,13.47,7.47,1369.6
IRFC.NS,Indian Railway Finance Corporation Limited,Financial Services,Stage 4,watchlist,3.8,-0.72,1.76,10.54,-15.59,105.06
NH.NS,Narayana Hrudayalaya Ltd.,Healthcare,Stage 3,watchlist,9.65,-0.73,0.91,9.08,-7.05,1798.0
BBTC.NS,Bombay Burmah Trading Corporation Limited,Fast Moving Consumer Goods,Stage 4,watchlist,5.0,-0.73,2.63,1.71,-16.72,1540.5
GPPL.NS,Gujarat Pipavav Port Limited,Services,Stage 4,watchlist,2.91,-0.73,-0.11,4.91,-13.85,156.92
BSOFT.NS,BIRLASOFT LIMITED,Information Technology,Stage 4,watchlist,2.48,-0.73,-0.81,5.81,-10.88,385.0
HBLENGINE.NS,HBL Engineering Ltd.,Capital Goods,Stage 3,watchlist,37.01,-0.74,3.46,22.85,-11.62,810.35
UNITDSPR.NS,United Spirits Ltd.,Fast Moving Consumer Goods,Stage 3,watchlist,13.01,-0.75,10.19,7.25,-1.11,1382.3
MANAPPURAM.NS,Manappuram Finance Limited,Financial Services,Stage 3,watchlist,11.19,-0.75,9.21,10.87,-6.61,292.85
RUSTOMJEE.NS,Keystone Realtors Limited,Realty,Stage 4,watchlist,2.88,-0.75,-1.03,6.1,-26.33,395.9
NUCLEUS.NS,Nucleus Software Exports Limited,Information Technology,Stage 4,watchlist,1.8,-0.75,-2.69,-3.23,-14.18,791.4
FINCABLES.NS,Finolex Cables Limited,Capital Goods,Stage 3,watchlist,16.64,-0.76,6.0,13.96,23.15,968.4
PILANIINVS.NS,Pilani Investment and Industries Corporation Limited,Financial Services,Stage 3,watchlist,13.81,-0.76,-0.26,-1.06,-7.41,4795.1
EPIGRAL.NS,Epigral Limited,Chemicals,Stage 3,watchlist,5.6,-0.76,-1.1,40.86,-5.33,1195.3
SUNDARMFIN.NS,Sundaram Finance Limited,Financial Services,Stage 1,watchlist,21.46,-0.77,-2.58,1.16,-8.31,4864.4
ENGINERSIN.NS,Engineers India Limited,Construction,Stage 3,watchlist,7.14,-0.77,6.73,29.8,21.11,243.68
NTPC.NS,NTPC Limited,Power,Stage 2,watchlist,33.16,-0.78,2.93,7.54,20.51,402.25
TATVA.NS,Tatva Chintan Pharma Chem Limited,Chemicals,Stage 3,watchlist,26.61,-0.78,2.12,13.42,-1.03,1311.1
ORISSAMINE.NS,The Orissa Minerals Development Company Limited,Metals & Mining,Stage 4,watchlist,11.8,-0.78,-6.56,17.92,-18.39,4068.6
DEEPAKNTR.NS,Deepak Nitrite Limited,Chemicals,Stage 3,watchlist,7.66,-0.78,12.92,25.19,1.8,1731.9
AARTIPHARM.NS,Aarti Pharmalabs Limited,Healthcare,Stage 4,watchlist,3.44,-0.78,-1.64,6.4,-7.28,688.55
SCHAEFFLER.NS,Schaeffler India Limited,Automobile and Auto Components,Stage 1,watchlist,22.51,-0.79,7.28,7.47,9.92,4220.1
SUPRAJIT.NS,Suprajit Engineering Limited,Automobile and Auto Components,Stage 4,watchlist,17.27,-0.8,3.47,7.05,-9.35,425.25
BLUEJET.NS,Blue Jet Healthcare Ltd.,Healthcare,Stage 4,watchlist,10.51,-0.8,-0.78,13.13,-21.83,413.5
IDFCFIRSTB.NS,IDFC First Bank Limited,Financial Services,Stage 4,watchlist,2.0,-0.8,0.01,8.34,-20.77,67.83
JKPAPER.NS,JK Paper Limited,Forest Materials,Stage 1,watchlist,38.85,-0.81,0.69,14.8,7.73,381.2
SBICARD.NS,SBI Cards and Payment Services Limited,Financial Services,Stage 4,watchlist,10.8,-0.82,-0.74,-1.97,-20.54,680.55
KFINTECH.NS,Kfin Technologies Limited,Financial Services,Stage 4,watchlist,4.34,-0.82,2.72,7.56,-8.8,981.9
SBIN.NS,State Bank of India,Financial Services,Stage 3,watchlist,3.78,-0.82,2.54,4.32,11.12,1094.25
ASAHIINDIA.NS,Asahi India Glass Limited,Automobile and Auto Components,Stage 4,watchlist,2.0,-0.82,0.49,1.5,-14.39,854.05
ARVIND.NS,Arvind Limited,Textiles,Stage 2,watchlist,77.72,-0.83,0.95,8.95,22.01,388.8
DALMIASUG.NS,Dalmia Bharat Sugar and Industries Limited,Fast Moving Consumer Goods,Stage 3,watchlist,17.5,-0.83,5.9,33.62,36.81,399.2
SANSERA.NS,Sansera Engineering Limited,Automobile and Auto Components,Stage 2,watchlist,32.16,-0.84,5.36,18.3,43.05,2525.5
HAPPSTMNDS.NS,Happiest Minds Technologies Limited,Information Technology,Stage 4,watchlist,1.8,-0.84,-2.0,0.65,-17.96,374.05
INDUSTOWER.NS,Indus Towers Limited,Telecommunication,Stage 3,watchlist,10.0,-0.85,-2.05,-5.14,-7.14,404.7
MGL.NS,Mahanagar Gas Limited,"Oil, Gas & Consumable Fuels",Stage 3,watchlist,26.75,-0.86,4.19,13.74,1.88,1137.4
SKFINDIA.NS,SKF India Limited,Capital Goods,Stage 3,watchlist,10.0,-0.86,3.44,10.8,-6.47,1736.1
RITES.NS,RITES Limited,Construction,Stage 3,watchlist,4.68,-0.86,2.55,16.26,-8.11,221.67
ZYDUSWELL.NS,Zydus Wellness Limited,Fast Moving Consumer Goods,Stage 3,watchlist,13.85,-0.87,-0.69,20.35,7.45,498.85
SARDAEN.NS,Sarda Energy & Minerals Limited,Metals & Mining,Stage 2,watchlist,60.11,-0.88,-1.76,15.1,15.08,586.6
ICICIPRULI.NS,ICICI Prudential Life Insurance Company Limited,Financial Services,Stage 4,watchlist,2.0,-0.88,-4.06,-4.9,-20.61,535.3
ESCORTS.NS,Escorts Kubota Limited,Capital Goods,Stage 4,watchlist,10.0,-0.89,0.82,14.61,-12.95,3309.0
HDFCLIFE.NS,HDFC Life Insurance Company Limited,Financial Services,Stage 4,watchlist,2.0,-0.89,-5.2,-5.5,-20.19,598.65
KAJARIACER.NS,Kajaria Ceramics Limited,Consumer Durables,Stage 3,watchlist,31.12,-0.9,1.85,29.36,23.79,1191.9
GHCL.NS,GHCL Limited,Chemicals,Stage 4,watchlist,2.0,-0.9,-2.18,13.96,-10.58,502.35
TIMKEN.NS,Timken India Limited,Capital Goods,Stage 3,watchlist,18.66,-0.91,3.05,12.79,18.38,3600.1
RELIGARE.NS,Religare Enterprises Limited,Financial Services,Stage 4,watchlist,3.26,-0.91,0.7,-0.28,-10.52,221.79
ASTRAL.NS,Astral Limited,Capital Goods,Stage 3,watchlist,10.26,-0.92,-0.24,-3.99,9.76,1574.9
POLYCAB.NS,Polycab India Limited,Capital Goods,Stage 2,watchlist,38.21,-0.93,0.76,10.91,3.79,7963.5
METROPOLIS.NS,Metropolis Healthcare Limited,Healthcare,Stage 4,watchlist,13.04,-0.93,-0.01,3.56,-0.42,472.2
LEMONTREE.NS,Lemon Tree Hotels Limited,Consumer Services,Stage 4,watchlist,5.76,-0.93,6.47,14.2,-22.51,121.57
POONAWALLA.NS,Poonawalla Fincorp Limited,Financial Services,Stage 4,watchlist,4.79,-0.93,3.19,4.97,-13.05,420.15
ICRA.NS,ICRA Limited,Financial Services,Stage 4,watchlist,3.8,-0.93,-0.67,2.97,-12.66,5373.5
AGI.NS,AGI Greenpac Limited,Capital Goods,Stage 4,watchlist,11.44,-0.94,-2.63,11.44,-25.67,559.25
AFFLE.NS,Affle (India) Limited,Information Technology,Stage 4,watchlist,7.79,-0.94,-0.97,10.16,-19.57,1432.8
NBCC.NS,NBCC (India) Ltd.,Construction,Stage 4,watchlist,6.56,-0.94,0.28,12.23,-23.48,93.31
MASTEK.NS,Mastek Limited,Information Technology,Stage 4,watchlist,0.9,-0.95,2.85,20.35,-16.94,1746.1
ROUTE.NS,ROUTE MOBILE LIMITED,Telecommunication,Stage 4,watchlist,32.82,-0.96,1.32,7.7,-25.81,513.75
AARTIIND.NS,Aarti Industries Limited,Chemicals,Stage 3,watchlist,28.31,-0.96,6.39,13.12,24.01,465.9
RKFORGE.NS,Ramkrishna Forgings Limited,Capital Goods,Stage 3,watchlist,14.75,-0.96,3.25,6.6,6.81,551.6
BRIGADE.NS,Brigade Enterprises Limited,Realty,Stage 4,watchlist,5.04,-0.97,6.29,19.18,-12.46,784.95
GMRAIRPORT.NS,GMR Airports Ltd.,Services,Stage 3,watchlist,28.08,-0.98,-0.32,9.03,-8.59,96.44
GENUSPOWER.NS,Genus Power Infrastructures Limited,Capital Goods,Stage 3,watchlist,39.67,-0.99,-0.93,20.57,-1.41,294.14
JBMA.NS,JBM Auto Ltd.,Automobile and Auto Components,Stage 3,watchlist,14.11,-0.99,-0.22,13.44,-0.46,622.75
TATASTEEL.NS,Tata Steel Limited,Metals & Mining,Stage 2,watchlist,43.31,-1.0,0.1,10.71,15.95,210.91
ECLERX.NS,eClerx Services Limited,Services,Stage 4,watchlist,1.8,-1.0,-4.31,1.9,-38.42,1484.5
HEIDELBERG.NS,HeidelbergCement India Limited,Construction Materials,Stage 3,watchlist,1.62,-1.0,-0.08,5.61,-9.4,158.19
MASFIN.NS,MAS Financial Services Limited,Financial Services,Stage 1,watchlist,8.86,-1.01,0.66,9.18,0.46,319.8
BRITANNIA.NS,Britannia Industries Limited,Fast Moving Consumer Goods,Stage 4,watchlist,5.0,-1.01,1.53,-0.04,-5.62,5671.5
BAYERCROP.NS,Bayer Cropscience Limited,Chemicals,Stage 3,watchlist,6.29,-1.02,-3.89,6.07,4.31,4739.2
BSE.NS,BSE Ltd.,Financial Services,Stage 2,watchlist,43.22,-1.03,0.47,19.62,31.77,3463.0
RTNINDIA.NS,RattanIndia Enterprises Limited,Services,Stage 3,watchlist,17.91,-1.03,2.88,33.41,-12.54,35.7
METROBRAND.NS,Metro Brands Limited,Consumer Durables,Stage 3,watchlist,5.82,-1.03,-3.1,12.07,-12.0,1055.05
VINATIORGA.NS,Vinati Organics Limited,Chemicals,Stage 4,watchlist,3.8,-1.03,1.98,-7.63,-18.63,1299.2
IDBI.NS,IDBI Bank Limited,Financial Services,Stage 4,watchlist,2.0,-1.03,-0.82,5.09,-28.94,73.73
SHREECEM.NS,SHREE CEMENT LIMITED,Construction Materials,Stage 4,watchlist,1.44,-1.03,1.43,9.15,-5.09,25470.0
ICICIGI.NS,ICICI Lombard General Insurance Company Limited,Financial Services,Stage 4,watchlist,2.0,-1.04,-4.07,0.99,-7.51,1809.9
LXCHEM.NS,Laxmi Organic Industries Limited,Chemicals,Stage 4,watchlist,2.0,-1.04,0.06,20.13,-14.99,142.73
SBFC.NS,SBFC Finance Limited,Financial Services,Stage 4,watchlist,6.85,-1.05,-1.95,12.08,-6.64,96.03
SUDARSCHEM.NS,Sudarshan Chemical Industries Limited,Chemicals,Stage 4,watchlist,2.0,-1.05,2.58,17.03,-4.36,901.3
DCXINDIA.NS,DCX Systems Limited,Capital Goods,Stage 3,watchlist,32.59,-1.07,4.53,21.09,4.29,198.91
M&MFIN.NS,Mahindra & Mahindra Financial Services Limited,Financial Services,Stage 4,watchlist,2.0,-1.07,-0.08,-4.64,-26.5,297.05
KNRCON.NS,KNR Constructions Limited,Construction,Stage 4,watchlist,9.95,-1.08,-1.45,3.17,-24.32,122.26
LICI.NS,Life Insurance Corporation Of India,Financial Services,Stage 4,watchlist,2.0,-1.08,-3.56,5.95,-4.83,811.65
HAL.NS,Hindustan Aeronautics Limited,Capital Goods,Stage 4,watchlist,13.96,-1.09,-0.25,14.46,-0.21,4352.5
IFCI.NS,IFCI Limited,Financial Services,Stage 3,watchlist,10.76,-1.09,0.56,12.68,15.07,61.07
ELECTCAST.NS,Electrosteel Castings Limited,Capital Goods,Stage 3,watchlist,10.0,-1.09,-6.74,9.76,2.59,78.96
VIJAYA.NS,Vijaya Diagnostic Centre Limited,Healthcare,Stage 1,watchlist,7.9,-1.09,1.02,11.56,-1.24,1029.5
BORORENEW.NS,BOROSIL RENEWABLES LIMITED,Capital Goods,Stage 4,watchlist,11.8,-1.1,5.35,23.52,-5.18,511.05
HIKAL.NS,Hikal Limited,Healthcare,Stage 3,watchlist,7.58,-1.1,-0.67,12.77,-17.46,187.13
JSL.NS,Jindal Stainless Limited,Metals & Mining,Stage 1,watchlist,14.76,-1.11,-1.73,9.61,-9.02,775.8
UBL.NS,United Breweries Limited,Fast Moving Consumer Goods,Stage 4,watchlist,11.39,-1.12,1.64,-5.48,-7.77,1483.2
INDUSINDBK.NS,IndusInd Bank Ltd.,Financial Services,Stage 3,watchlist,6.77,-1.12,1.47,5.4,-3.35,860.35
INDIANB.NS,Indian Bank,Financial Services,Stage 3,watchlist,3.71,-1.12,-2.67,6.49,9.89,914.95
VIPIND.NS,VIP Industries Limited,Consumer Durables,Stage 4,watchlist,9.95,-1.13,-3.48,-3.94,-18.89,310.8
SAMHI.NS,Samhi Hotels Limited,Consumer Services,Stage 4,watchlist,1.8,-1.13,-0.38,8.62,-8.88,163.33
BOMDYEING.NS,Bombay Dyeing & Mfg Company Limited,Textiles,Stage 4,watchlist,30.65,-1.14,0.45,12.47,-13.31,114.65
MMTC.NS,MMTC Limited,Services,Stage 3,watchlist,24.82,-1.14,8.06,10.69,1.81,66.9
FACT.NS,Fertilizers and Chemicals Travancore Limited,Chemicals,Stage 3,watchlist,19.32,-1.14,5.69,16.96,1.99,921.55
INDGN.NS,Indegene Ltd.,Healthcare,Stage 3,watchlist,5.29,-1.15,0.78,10.61,-5.21,492.95
KARURVYSYA.NS,Karur Vysya Bank Limited,Financial Services,Stage 3,watchlist,3.84,-1.15,5.75,9.27,10.24,297.0
HLEGLAS.NS,HLE Glascoat Limited,Capital Goods,Stage 4,watchlist,11.8,-1.16,0.18,15.64,-25.67,327.55
AWL.NS,Adani Wilmar Limited,Fast Moving Consumer Goods,Stage 4,watchlist,11.33,-1.16,8.34,11.91,-17.61,197.28
IRCON.NS,Ircon International Limited,Construction,Stage 4,watchlist,1.8,-1.16,8.03,23.85,-12.9,153.8
ETERNAL.NS,Eternal Ltd.,Consumer Services,Stage 3,watchlist,17.91,-1.17,2.86,13.63,-8.41,259.92
BAJAJCON.NS,Bajaj Consumer Care Limited,Fast Moving Consumer Goods,Stage 2,watchlist,35.7,-1.18,8.17,34.87,74.61,463.95
ATGL.NS,Adani Total Gas Limited,"Oil, Gas & Consumable Fuels",Stage 3,watchlist,30.82,-1.18,4.03,11.79,4.65,621.7
CHAMBLFERT.NS,Chambal Fertilizers & Chemicals Limited,Chemicals,Stage 3,watchlist,27.86,-1.18,-1.39,4.71,-6.93,446.95
VESUVIUS.NS,Vesuvius India Limited,Capital Goods,Stage 3,watchlist,11.58,-1.19,-0.44,4.17,2.95,496.6
PIDILITIND.NS,Pidilite Industries Limited,Chemicals,Stage 3,watchlist,2.0,-1.19,5.34,7.12,-4.57,1402.1
AEGISLOG.NS,Aegis Logistics Ltd.,"Oil, Gas & Consumable Fuels",Stage 3,watchlist,8.09,-1.22,6.86,16.05,-1.19,704.8
GMDCLTD.NS,Gujarat Mineral Development Corporation Limited,Metals & Mining,Stage 2,watchlist,72.07,-1.23,-8.56,27.84,13.9,682.85
EMAMILTD.NS,Emami Limited,Fast Moving Consumer Goods,Stage 4,watchlist,5.0,-1.23,9.85,15.21,-9.9,467.4
COFORGE.NS,Coforge Limited,Information Technology,Stage 4,watchlist,0.0,-1.23,-7.05,11.75,-26.11,1220.6
JPPOWER.NS,Jaiprakash Power Ventures Limited,Power,Stage 3,watchlist,25.63,-1.24,1.38,18.69,12.89,19.88
JSWINFRA.NS,JSW Infrastructure Ltd.,Services,Stage 3,watchlist,21.53,-1.25,0.63,8.32,-3.15,274.32
NESCO.NS,Nesco Limited,Services,Stage 4,watchlist,19.79,-1.25,1.25,13.68,-3.2,1185.8
TIIL.NS,Technocraft Industries (India) Limited,Capital Goods,Stage 3,watchlist,34.12,-1.27,-1.05,13.75,10.96,2501.2
EDELWEISS.NS,Edelweiss Financial Services Limited,Financial Services,Stage 2,watchlist,34.07,-1.28,2.61,14.26,10.82,120.42
IOC.NS,Indian Oil Corporation Ltd.,"Oil, Gas & Consumable Fuels",Stage 4,watchlist,6.89,-1.28,0.89,1.93,-11.19,145.48
ASHOKA.NS,Ashoka Buildcon Limited,Construction,Stage 3,watchlist,4.59,-1.28,-1.36,20.3,-19.07,135.87
CHEMPLASTS.NS,Chemplast Sanmar Limited,Chemicals,Stage 4,watchlist,2.0,-1.28,3.16,-11.7,-4.94,243.4
IRCTC.NS,Indian Railway Catering And Tourism Corporation Ltd.,Consumer Services,Stage 4,watchlist,0.0,-1.29,-0.44,4.85,-19.14,551.35
GALAXYSURF.NS,Galaxy Surfactants Limited,Chemicals,Stage 4,watchlist,2.0,-1.3,1.96,8.86,-11.48,1800.8
DEEPAKFERT.NS,Deepak Fertilizers and Petrochemicals Corporation Limited,Chemicals,Stage 3,watchlist,15.63,-1.31,4.57,37.17,0.8,1253.4
TATAPOWER.NS,Tata Power Company Limited,Power,Stage 3,watchlist,26.07,-1.32,0.87,7.98,12.69,430.3
LTFOODS.NS,LT Foods Ltd.,Fast Moving Consumer Goods,Stage 3,watchlist,24.27,-1.32,-0.3,9.06,8.53,417.9
IONEXCHANG.NS,ION Exchange (India) Limited,Construction,Stage 3,watchlist,23.74,-1.32,1.92,18.25,8.25,404.35
RAILTEL.NS,Railtel Corporation Of India Limited,Telecommunication,Stage 4,watchlist,10.0,-1.32,-3.16,20.98,-11.49,327.2
PHOENIXLTD.NS,The Phoenix Mills Limited,Realty,Stage 3,watchlist,27.66,-1.33,0.17,13.31,-4.67,1785.3
PRSMJOHNSN.NS,Prism Johnson Limited,Construction Materials,Stage 4,watchlist,21.99,-1.33,5.89,5.14,-5.11,131.46
BOSCHLTD.NS,Bosch Limited,Automobile and Auto Components,Stage 3,watchlist,7.67,-1.33,-0.16,24.04,3.43,37380.0
MARUTI.NS,Maruti Suzuki India Limited,Automobile and Auto Components,Stage 4,watchlist,3.8,-1.33,-1.31,4.45,-21.24,13160.0
USHAMART.NS,Usha Martin Limited,Capital Goods,Stage 3,watchlist,45.15,-1.34,-1.71,10.54,-1.1,439.0
GNFC.NS,Gujarat Narmada Valley Fertilizers and Chemicals Limited,Chemicals,Stage 3,watchlist,7.17,-1.34,4.08,17.55,-1.74,481.95
PETRONET.NS,Petronet LNG Limited,"Oil, Gas & Consumable Fuels",Stage 4,watchlist,5.0,-1.34,1.59,1.83,-4.27,275.81
NIITMTS.NS,NIIT Learning Systems Limited,Consumer Services,Stage 4,watchlist,1.8,-1.34,-1.4,11.91,-19.8,320.45
JAICORPLTD.NS,Jai Corp Limited,Capital Goods,Stage 3,watchlist,35.76,-1.35,0.84,18.21,-11.49,116.52
RADICO.NS,Radico Khaitan Limited,Fast Moving Consumer Goods,Stage 3,watchlist,18.36,-1.35,5.36,23.33,-1.68,3199.2
HINDCOPPER.NS,Hindustan Copper Ltd.,Metals & Mining,Stage 3,watchlist,16.94,-1.35,-2.54,16.78,5.3,549.45
NUVOCO.NS,Nuvoco Vistas Corporation Limited,Construction Materials,Stage 4,watchlist,16.11,-1.35,-3.45,5.2,-14.45,299.6
BANKINDIA.NS,Bank of India,Financial Services,Stage 3,watchlist,3.17,-1.35,1.34,3.49,2.63,150.86
PDSL.NS,PDS Limited,Textiles,Stage 4,watchlist,10.0,-1.36,-5.07,10.53,-23.62,285.45
CANFINHOME.NS,Can Fin Homes Limited,Financial Services,Stage 3,watchlist,10.1,-1.37,4.77,8.78,-3.4,899.8
RELIANCE.NS,Reliance Industries Limited,"Oil, Gas & Consumable Fuels",Stage 4,watchlist,9.21,-1.37,0.01,-2.99,-14.74,1343.4
SONATSOFTW.NS,Sonata Software Limited,Information Technology,Stage 4,watchlist,1.8,-1.37,-5.32,14.02,-26.82,264.42
AFCONS.NS,Afcons Infrastructure Ltd.,Construction,Stage 3,watchlist,3.6,-1.4,-6.36,16.95,-17.32,324.9
EASEMYTRIP.NS,Easy Trip Planners Limited,Consumer Services,Stage 4,watchlist,0.0,-1.4,-3.26,12.21,4.89,7.72
NLCINDIA.NS,NLC India Ltd.,Power,Stage 2,watchlist,56.95,-1.41,-0.29,14.79,17.56,296.9
HCG.NS,Healthcare Global Enterprises Limited,Healthcare,Stage 4,watchlist,8.78,-1.41,0.4,4.35,-12.66,570.15
NHPC.NS,NHPC Limited,Power,Stage 3,watchlist,42.09,-1.42,0.1,6.85,4.24,81.46
TEJASNET.NS,Tejas Networks Limited,Telecommunication,Stage 4,watchlist,26.11,-1.42,-6.96,-6.97,-11.05,402.15
SHAREINDIA.NS,Share India Securities Limited,Financial Services,Stage 4,watchlist,25.31,-1.42,0.68,21.24,-9.4,148.53
CHOLAFIN.NS,Cholamandalam Investment and Finance Company Limited,Financial Services,Stage 4,watchlist,2.0,-1.42,-1.69,6.07,-10.41,1543.4
INOXINDIA.NS,INOX India Ltd.,Capital Goods,Stage 2,watchlist,71.7,-1.43,4.81,32.77,41.08,1570.1
SYRMA.NS,Syrma SGS Technology Limited,Capital Goods,Stage 2,watchlist,71.04,-1.43,1.52,29.77,36.71,983.5
TEGA.NS,Tega Industries Limited,Capital Goods,Stage 4,watchlist,18.37,-1.43,-3.1,3.72,-12.82,1699.8
KEI.NS,KEI Industries Limited,Capital Goods,Stage 3,watchlist,10.82,-1.43,4.13,14.87,7.33,4839.5
ICICIBANK.NS,ICICI Bank Limited,Financial Services,Stage 3,watchlist,6.79,-1.43,0.19,7.83,0.75,1348.0
GPIL.NS,Godawari Power And Ispat limited,Capital Goods,Stage 2,watchlist,70.93,-1.44,-1.95,17.45,10.45,294.45
NMDC.NS,NMDC Limited,Metals & Mining,Stage 3,watchlist,40.22,-1.44,0.17,12.02,7.54,87.31
SULA.NS,Sula Vineyards Limited,Fast Moving Consumer Goods,Stage 4,watchlist,6.8,-1.44,0.46,14.82,-19.74,175.44
SUNDRMFAST.NS,Sundram Fasteners Limited,Automobile and Auto Components,Stage 4,watchlist,3.8,-1.44,1.25,1.07,-12.92,823.9
BPCL.NS,Bharat Petroleum Corporation Limited,"Oil, Gas & Consumable Fuels",Stage 4,watchlist,5.0,-1.46,0.6,8.32,-16.5,309.8
TEXRAIL.NS,Texmaco Rail & Engineering Limited,Capital Goods,Stage 4,watchlist,11.8,-1.48,0.92,17.25,-23.34,104.76
BANDHANBNK.NS,Bandhan Bank Limited,Financial Services,Stage 3,watchlist,10.0,-1.48,-0.16,10.02,20.61,173.9
HINDPETRO.NS,Hindustan Petroleum Corporation Limited,"Oil, Gas & Consumable Fuels",Stage 4,watchlist,5.0,-1.48,1.8,16.04,-24.41,376.9
BHARATRAS.NS,Bharat Rasayan Limited,Chemicals,Stage 4,watchlist,4.47,-1.48,-7.79,13.14,-34.96,1441.2
GRINFRA.NS,G R Infraprojects Limited,Construction,Stage 4,watchlist,20.94,-1.49,-1.86,-1.81,-12.21,875.4
OBEROIRLTY.NS,Oberoi Realty Limited,Realty,Stage 3,watchlist,12.1,-1.49,-0.16,18.11,0.83,1707.7
KEC.NS,KEC International Limited,Capital Goods,Stage 4,watchlist,11.8,-1.49,1.89,3.75,-21.41,580.2
BANCOINDIA.NS,Banco Products (I) Limited,Automobile and Auto Components,Stage 4,watchlist,23.59,-1.5,-0.98,11.73,-8.65,614.9
CREDITACC.NS,CREDITACCESS GRAMEEN LIMITED,Financial Services,Stage 1,watchlist,13.33,-1.5,0.26,7.64,-1.37,1241.9
GRASIM.NS,Grasim Industries Limited,Construction Materials,Stage 4,watchlist,2.61,-1.5,0.65,4.87,-4.09,2735.0
VOLTAMP.NS,Voltamp Transformers Limited,Capital Goods,Stage 3,watchlist,33.52,-1.51,10.5,29.4,39.72,10884.5
BAJAJHFL.NS,Bajaj Housing Finance Ltd.,Financial Services,Stage 3,watchlist,6.59,-1.51,1.04,10.25,-6.22,90.13
INDIGOPNTS.NS,Indigo Paints Limited,Consumer Durables,Stage 4,watchlist,1.44,-1.51,4.84,17.87,-26.08,877.45
JKLAKSHMI.NS,JK Lakshmi Cement Limited,Construction Materials,Stage 4,watchlist,1.44,-1.51,-1.15,9.35,-18.08,650.0
UCOBANK.NS,UCO Bank,Financial Services,Stage 4,watchlist,2.0,-1.52,0.26,7.21,-9.85,26.62
MHRIL.NS,Mahindra Holidays & Resorts India Limited,Consumer Services,Stage 4,watchlist,0.0,-1.52,-3.02,3.05,-13.59,266.5
PRESTIGE.NS,Prestige Estates Projects Ltd.,Realty,Stage 4,watchlist,0.0,-1.52,3.46,9.16,-13.71,1384.2
BHARATFORG.NS,Bharat Forge Limited,Capital Goods,Stage 3,watchlist,17.49,-1.53,0.99,9.44,28.12,1874.1
SUZLON.NS,Suzlon Energy Limited,Capital Goods,Stage 3,watchlist,18.04,-1.54,6.93,30.76,2.4,53.73
JYOTICNC.NS,Jyoti CNC Automation Ltd.,Capital Goods,Stage 4,watchlist,15.19,-1.55,7.36,1.57,-24.0,754.65
NAVNETEDUL.NS,Navneet Education Limited,"Media, Entertainment & Publication",Stage 1,watchlist,2.27,-1.55,-3.59,13.65,1.65,144.39
APTUS.NS,Aptus Value Housing Finance India Limited,Financial Services,Stage 4,watchlist,2.0,-1.55,4.05,22.4,-8.93,256.85
ALOKINDS.NS,Alok Industries Limited,Textiles,Stage 4,watchlist,10.0,-1.56,-3.74,8.09,-13.83,13.89
SANOFI.NS,Sanofi India Limited,Healthcare,Stage 4,watchlist,3.8,-1.56,-1.93,2.46,-14.78,3445.3
ANANTRAJ.NS,Anant Raj Limited,Realty,Stage 3,watchlist,1.62,-1.57,0.05,13.95,-7.65,510.25
GODREJAGRO.NS,Godrej Agrovet Limited,Fast Moving Consumer Goods,Stage 3,watchlist,23.58,-1.58,-0.28,5.59,6.64,606.0
WABAG.NS,VA Tech Wabag Limited,Utilities,Stage 3,watchlist,33.7,-1.59,1.69,21.98,11.37,1464.8
CMSINFO.NS,CMS Info Systems Limited,Services,Stage 3,watchlist,17.91,-1.59,-1.53,10.26,-10.43,312.75
FINPIPE.NS,Finolex Industries Limited,Capital Goods,Stage 4,watchlist,10.0,-1.59,1.42,0.3,-0.3,175.25
KAYNES.NS,Kaynes Technology India Limited,Capital Goods,Stage 4,watchlist,26.11,-1.6,4.41,23.01,11.26,4387.7
DMART.NS,Avenue Supermarts Limited,Consumer Services,Stage 3,watchlist,19.54,-1.6,2.1,18.72,21.67,4521.2
DOMS.NS,DOMS Industries Ltd.,Fast Moving Consumer Goods,Stage 1,watchlist,11.5,-1.6,-0.11,9.45,-8.51,2380.5
ACC.NS,ACC Limited,Construction Materials,Stage 4,watchlist,1.8,-1.61,-1.37,5.19,-18.23,1423.1
ASIANPAINT.NS,Asian Paints Limited,Consumer Durables,Stage 4,watchlist,4.65,-1.62,3.32,15.34,-8.38,2521.4
JSWHL.NS,JSW Holdings Limited,Financial Services,Stage 4,watchlist,3.8,-1.62,-1.17,-18.28,-33.98,13056.0
KANSAINER.NS,Kansai Nerolac Paints Limited,Consumer Durables,Stage 4,watchlist,0.0,-1.62,0.28,19.13,-16.26,200.73
RBLBANK.NS,RBL Bank Limited,Financial Services,Stage 2,watchlist,35.35,-1.64,-1.09,6.97,-0.9,312.45
HARSHA.NS,Harsha Engineers International Limited,Capital Goods,Stage 3,watchlist,15.69,-1.64,-4.78,12.93,-0.58,387.7
RALLIS.NS,Rallis India Limited,Chemicals,Stage 3,watchlist,3.1,-1.64,-0.76,7.79,-5.59,261.6
FUSION.NS,Fusion Micro Finance Limited,Financial Services,Stage 3,watchlist,2.81,-1.64,9.78,14.28,14.15,182.1
VRLLOG.NS,VRL Logistics Limited,Services,Stage 4,watchlist,0.0,-1.64,-3.32,4.84,-4.32,252.87
MAHSEAMLES.NS,Maharashtra Seamless Limited,Capital Goods,Stage 3,watchlist,30.3,-1.66,1.72,17.94,17.81,653.6
JINDWORLD.NS,Jindal Worldwide Limited,Textiles,Stage 3,watchlist,27.91,-1.68,-0.39,22.68,-11.41,25.69
NAVA.NS,NAVA LIMITED,Power,Stage 3,watchlist,32.45,-1.69,9.49,25.97,21.41,685.95
SAMMAANCAP.NS,Sammaan Capital Ltd.,Financial Services,Stage 3,watchlist,19.91,-1.7,-6.91,5.41,0.03,144.25
MAPMYINDIA.NS,C.E. Info Systems Limited,Information Technology,Stage 4,watchlist,1.8,-1.7,2.91,9.88,-45.18,948.8
RHIM.NS,RHI MAGNESITA INDIA LIMITED,Capital Goods,Stage 3,watchlist,10.54,-1.71,1.6,11.17,-10.45,407.05
PNB.NS,Punjab National Bank,Financial Services,Stage 3,watchlist,5.6,-1.71,-0.75,2.94,-9.06,112.71
CUB.NS,City Union Bank Limited,Financial Services,Stage 3,watchlist,3.91,-1.71,6.28,8.75,-8.12,265.52
DALBHARAT.NS,Dalmia Bharat Limited,Construction Materials,Stage 4,watchlist,2.79,-1.71,-0.81,6.93,-8.3,1958.8
KOTAKBANK.NS,Kotak Mahindra Bank Limited,Financial Services,Stage 4,watchlist,2.0,-1.71,-2.31,0.61,-16.49,370.4
SWANCORP.NS,Swan Corp Ltd.,Chemicals,Stage 4,watchlist,3.8,-1.72,-3.36,4.94,-26.83,340.95
GRINDWELL.NS,Grindwell Norton Limited,Capital Goods,Stage 3,watchlist,14.85,-1.73,4.46,18.18,5.62,1645.8
SYNGENE.NS,Syngene International Limited,Healthcare,Stage 4,watchlist,18.11,-1.74,-1.46,5.03,-34.12,428.35
MSUMI.NS,Motherson Sumi Wiring India Limited,Automobile and Auto Components,Stage 4,watchlist,3.44,-1.74,2.84,8.85,-17.07,40.57
ITDC.NS,India Tourism Development Corporation Limited,Consumer Services,Stage 3,watchlist,5.61,-1.75,-4.81,44.64,0.07,607.5
BAJFINANCE.NS,Bajaj Finance Limited,Financial Services,Stage 3,watchlist,2.0,-1.75,1.37,10.35,-5.63,918.35
GATEWAY.NS,Gateway Distriparks Limited,Services,Stage 4,watchlist,0.0,-1.75,-1.11,11.53,-1.46,57.66
DCBBANK.NS,DCB Bank Limited,Financial Services,Stage 3,watchlist,21.56,-1.76,2.06,12.9,9.1,191.89
SOUTHBANK.NS,The South Indian Bank Limited,Financial Services,Stage 3,watchlist,15.54,-1.76,1.03,8.87,3.22,39.15
CGCL.NS,Capri Global Capital Limited,Financial Services,Stage 1,watchlist,29.79,-1.77,-0.66,9.21,-0.81,183.9
TVSHLTD.NS,TVS Holdings Limited,Automobile and Auto Components,Stage 3,watchlist,29.63,-1.77,-1.4,5.84,4.11,14406.0
MRF.NS,MRF Limited,Automobile and Auto Components,Stage 4,watchlist,18.11,-1.77,-2.97,3.12,-11.16,134615.0
RCF.NS,Rashtriya Chemicals and Fertilizers Limited,Chemicals,Stage 4,watchlist,11.9,-1.77,1.34,12.72,-10.02,130.43
RTNPOWER.NS,RattanIndia Power Limited,Power,Stage 4,watchlist,39.21,-1.78,2.48,19.37,4.97,9.92
SCI.NS,Shipping Corporation Of India Limited,Services,Stage 3,watchlist,4.56,-1.78,1.27,27.16,29.2,292.6
RECLTD.NS,REC Limited,Financial Services,Stage 3,watchlist,8.07,-1.8,3.36,14.01,4.63,376.45
UPL.NS,UPL Limited,Chemicals,Stage 4,watchlist,2.0,-1.8,-2.71,4.94,-20.28,642.05
GULFOILLUB.NS,Gulf Oil Lubricants India Limited,"Oil, Gas & Consumable Fuels",Stage 4,watchlist,5.0,-1.81,2.14,5.0,-18.57,972.05
POWERMECH.NS,Power Mech Projects Limited,Construction,Stage 3,watchlist,1.53,-1.81,5.56,24.46,7.38,2446.2
KIRLOSENG.NS,Kirloskar Oil Engines Limited,Capital Goods,Stage 2,watchlist,40.7,-1.82,-0.41,13.3,31.1,1610.3
SUBROS.NS,Subros Limited,Automobile and Auto Components,Stage 3,watchlist,3.08,-1.82,-0.58,14.85,-10.23,773.75
GREENPANEL.NS,Greenpanel Industries Limited,Consumer Durables,Stage 3,watchlist,17.91,-1.83,-5.05,7.03,-9.81,208.26
INDIGO.NS,InterGlobe Aviation Limited,Services,Stage 3,watchlist,17.91,-1.83,-1.14,9.67,-10.85,4556.0
ITCHOTELS.NS,ITC Hotels Ltd.,Consumer Services,Stage 4,watchlist,1.8,-1.83,-0.85,5.13,-18.31,160.54
RACE.NS,Race Eco Chain Limited,Utilities,Stage 3,watchlist,24.42,-1.84,0.11,23.99,-11.76,125.61
UNOMINDA.NS,UNO Minda Limited,Automobile and Auto Components,Stage 4,watchlist,3.97,-1.84,1.87,8.72,-12.11,1130.1
KSB.NS,Ksb Limited,Capital Goods,Stage 3,watchlist,32.14,-1.85,3.79,22.23,31.01,977.65
SENCO.NS,Senco Gold Limited,Consumer Durables,Stage 3,watchlist,10.9,-1.85,-0.23,11.18,1.97,323.8
TVSSRICHAK.NS,TVS Srichakra Limited,Automobile and Auto Components,Stage 3,watchlist,3.48,-1.86,0.17,9.18,-10.25,3892.0
JINDALSTEL.NS,Jindal Steel & Power Limited,Metals & Mining,Stage 2,watchlist,44.6,-1.88,2.13,10.23,17.42,1254.5
ALKEM.NS,Alkem Laboratories Limited,Healthcare,Stage 3,watchlist,7.07,-1.89,-0.89,5.35,1.86,5520.5
GOCOLORS.NS,Go Fashion (India) Limited,Consumer Services,Stage 4,watchlist,1.8,-1.89,0.78,12.11,-37.13,288.28
SFL.NS,Sheela Foam Limited,Consumer Durables,Stage 3,watchlist,17.91,-1.9,1.04,6.49,-6.15,553.75
GARFIBRES.NS,Garware Technical Fibres Limited,Textiles,Stage 4,watchlist,10.0,-1.9,-0.57,3.36,-9.21,632.45
EICHERMOT.NS,Eicher Motors Limited,Automobile and Auto Components,Stage 3,watchlist,2.0,-1.9,-0.54,4.41,-3.48,7092.5
ACE.NS,Action Construction Equipment Limited,Capital Goods,Stage 4,watchlist,34.78,-1.91,0.15,9.81,-2.9,916.55
FIRSTCRY.NS,Brainbees Solutions Ltd.,Consumer Services,Stage 3,watchlist,24.62,-1.91,0.33,18.18,-13.52,248.24
SANDUMA.NS,Sandur Manganese & Iron Ores Limited,"Oil, Gas & Consumable Fuels",Stage 3,watchlist,14.88,-1.91,-3.5,16.38,-14.12,209.92
IGIL.NS,International Gemmological Institute (India) Ltd.,Services,Stage 3,watchlist,32.74,-1.92,-3.67,5.15,7.55,355.4
BALKRISIND.NS,Balkrishna Industries Limited,Automobile and Auto Components,Stage 4,watchlist,4.55,-1.92,-3.29,6.82,-2.03,2265.4
LALPATHLAB.NS,Dr. Lal Path Labs Ltd.,Healthcare,Stage 4,watchlist,22.03,-1.93,1.42,7.96,-4.99,1430.9
HDFCBANK.NS,HDFC Bank Limited,Financial Services,Stage 4,watchlist,4.27,-1.94,-1.4,-1.74,-20.86,784.35
SAPPHIRE.NS,Sapphire Foods India Limited,Consumer Services,Stage 4,watchlist,0.0,-1.95,0.35,6.15,-34.09,173.14
SUNFLAG.NS,Sunflag Iron And Steel Company Limited,Metals & Mining,Stage 3,watchlist,13.46,-1.96,7.58,35.55,7.13,291.49
MFSL.NS,Max Financial Services Limited,Financial Services,Stage 1,watchlist,3.38,-1.97,-5.89,-2.0,-4.7,1595.4
RAINBOW.NS,Rainbow Childrens Medicare Limited,Healthcare,Stage 4,watchlist,28.45,-1.99,0.88,14.88,-3.6,1268.0
TATAINVEST.NS,Tata Investment Corporation Ltd.,Financial Services,Stage 3,watchlist,23.58,-1.99,0.97,17.67,2.9,716.85
KIRLOSBROS.NS,Kirloskar Brothers Limited,Capital Goods,Stage 3,watchlist,18.63,-2.0,-1.83,10.17,5.86,1705.2
BERGEPAINT.NS,Berger Paints (I) Limited,Consumer Durables,Stage 4,watchlist,1.8,-2.01,-0.73,14.46,-12.18,468.65
VSTTILLERS.NS,V.S.T Tillers Tractors Limited,Capital Goods,Stage 4,watchlist,10.0,-2.02,-1.29,-0.02,-16.43,5181.6
SSWL.NS,Steel Strips Wheels Limited,Automobile and Auto Components,Stage 3,watchlist,4.44,-2.02,-0.7,18.25,0.95,211.91
JKTYRE.NS,JK Tyre & Industries Limited,Automobile and Auto Components,Stage 4,watchlist,2.0,-2.03,-0.42,1.32,-19.06,418.2
SHOPERSTOP.NS,Shoppers Stop Limited,Consumer Services,Stage 4,watchlist,0.72,-2.03,1.26,2.7,-22.24,296.95
TATATECH.NS,Tata Technologies Ltd.,Information Technology,Stage 4,watchlist,1.8,-2.05,-3.95,7.85,-12.53,563.5
EXIDEIND.NS,Exide Industries Limited,Automobile and Auto Components,Stage 3,watchlist,18.18,-2.06,4.78,15.04,-4.4,347.25
TI.NS,Tilaknagar Industries Limited,Fast Moving Consumer Goods,Stage 3,watchlist,35.82,-2.07,4.56,7.3,2.62,466.7
HOMEFIRST.NS,Home First Finance Company India Limited,Financial Services,Stage 3,watchlist,7.21,-2.07,3.74,19.78,4.41,1149.4
CONCOR.NS,Container Corporation of India Limited,Services,Stage 3,watchlist,4.96,-2.07,0.56,14.61,-3.02,505.05
NETWORK18.NS,Network18 Media & Investments Limited,"Media, Entertainment & Publication",Stage 4,watchlist,2.79,-2.07,-0.28,17.29,-17.56,35.54
EIHOTEL.NS,EIH Limited,Consumer Services,Stage 4,watchlist,0.0,-2.07,3.67,5.52,-9.44,331.55
HINDZINC.NS,Hindustan Zinc Limited,Metals & Mining,Stage 3,watchlist,23.35,-2.09,-0.07,16.98,-3.24,592.1
IREDA.NS,Indian Renewable Energy Development Agency Ltd.,Financial Services,Stage 4,watchlist,11.61,-2.09,6.25,18.59,-0.8,137.52
IGL.NS,Indraprastha Gas Limited,"Oil, Gas & Consumable Fuels",Stage 4,watchlist,6.8,-2.09,-0.3,7.72,-12.1,165.55
HDFCAMC.NS,HDFC Asset Management Company Limited,Financial Services,Stage 3,watchlist,6.63,-2.1,1.73,12.79,2.27,2708.2
FINEORG.NS,Fine Organic Industries Limited,Chemicals,Stage 3,watchlist,8.31,-2.11,1.58,16.44,21.24,4978.7
PSB.NS,Punjab & Sind Bank,Financial Services,Stage 3,watchlist,2.54,-2.11,-0.4,9.84,-10.58,25.01
RRKABEL.NS,R R Kabel Limited,Capital Goods,Stage 1,watchlist,32.12,-2.14,-1.58,2.58,-2.54,1432.0
CENTRALBK.NS,Central Bank of India,Financial Services,Stage 3,watchlist,2.22,-2.14,0.87,7.53,-3.36,36.14
HEMIPROP.NS,Hemisphere Properties India Limited,Realty,Stage 4,watchlist,0.0,-2.14,-1.83,-5.9,-6.22,127.8
VBL.NS,Varun Beverages Limited,Fast Moving Consumer Goods,Stage 3,watchlist,12.82,-2.16,5.18,19.82,-1.4,484.25
CEATLTD.NS,Ceat Ltd.,Automobile and Auto Components,Stage 1,watchlist,15.19,-2.17,0.25,6.49,-1.8,3706.6
MSTCLTD.NS,Mstc Limited,Services,Stage 3,watchlist,1.08,-2.19,-6.95,7.97,-12.6,442.3
KIRLOSIND.NS,Kirloskar Industries Limited,Capital Goods,Stage 4,watchlist,30.17,-2.2,3.16,19.06,2.88,3254.4
PRINCEPIPE.NS,Prince Pipes And Fittings Limited,Capital Goods,Stage 3,watchlist,27.91,-2.2,0.69,7.56,-3.69,257.33
EPL.NS,EPL Limited,Capital Goods,Stage 3,watchlist,14.29,-2.2,-3.09,18.48,3.24,223.21
INFY.NS,Infosys Limited,Information Technology,Stage 4,watchlist,0.0,-2.21,-5.96,1.62,-23.88,1240.6
SAKSOFT.NS,Saksoft Limited,Information Technology,Stage 4,watchlist,1.8,-2.22,-2.47,22.75,-27.18,143.49
JLHL.NS,Jupiter Life Line Hospitals Limited,Healthcare,Stage 4,watchlist,8.06,-2.24,-0.84,-1.52,-9.63,1263.2
GODREJPROP.NS,Godrej Properties Limited,Realty,Stage 4,watchlist,24.8,-2.25,2.5,15.39,-11.13,1791.0
ANGELONE.NS,Angel One Limited,Financial Services,Stage 3,watchlist,8.85,-2.25,9.77,39.21,38.14,321.21
BECTORFOOD.NS,Mrs. Bectors Food Specialities Limited,Fast Moving Consumer Goods,Stage 4,watchlist,5.0,-2.25,5.9,9.36,-18.92,199.89
KTKBANK.NS,The Karnataka Bank Limited,Financial Services,Stage 2,watchlist,63.42,-2.26,-0.56,5.9,18.39,244.97
HGINFRA.NS,H.G. Infra Engineering Limited,Construction,Stage 3,watchlist,25.12,-2.26,-2.71,25.28,-18.22,605.1
BANKBARODA.NS,Bank of Baroda,Financial Services,Stage 3,watchlist,2.25,-2.27,-1.09,1.37,-8.12,276.34
REDINGTON.NS,Redington Limited,Services,Stage 4,watchlist,0.0,-2.27,-3.12,0.58,-19.74,220.68
AMBUJACEM.NS,Ambuja Cements Limited,Construction Materials,Stage 4,watchlist,1.44,-2.28,-1.67,7.25,-19.52,450.4
TIMETECHNO.NS,Time Technoplast Limited,Capital Goods,Stage 3,watchlist,10.54,-2.29,-3.78,19.65,-0.15,188.13
MPHASIS.NS,MphasiS Limited,Information Technology,Stage 4,watchlist,1.8,-2.32,-6.75,11.21,-19.5,2277.0
SJVN.NS,SJVN Limited,Power,Stage 3,watchlist,36.34,-2.33,3.46,14.9,7.3,78.97
SIS.NS,SIS LIMITED,Services,Stage 3,watchlist,1.12,-2.33,3.13,18.54,1.47,329.6
BLUEDART.NS,Blue Dart Express Limited,Services,Stage 4,watchlist,0.0,-2.33,2.12,5.49,-5.73,5350.9
ZENTEC.NS,Zen Technologies Ltd.,Capital Goods,Stage 3,watchlist,31.84,-2.34,12.92,21.46,26.88,1721.2
SONACOMS.NS,Sona BLW Precision Forgings Limited,Automobile and Auto Components,Stage 3,watchlist,35.58,-2.36,-1.08,15.21,21.53,574.55
ZENSARTECH.NS,Zensar Technologies Limited,Information Technology,Stage 3,watchlist,23.48,-2.36,-3.76,1.39,-18.97,566.15
KOLTEPATIL.NS,Kolte - Patil Developers Limited,Realty,Stage 4,watchlist,2.09,-2.37,12.9,20.56,-0.1,390.75
GESHIP.NS,The Great Eastern Shipping Company Limited,Services,Stage 2,watchlist,34.1,-2.39,2.39,-1.87,27.83,1414.4
LICHSGFIN.NS,LIC Housing Finance Limited,Financial Services,Stage 3,watchlist,5.47,-2.41,2.0,12.83,1.81,545.55
VOLTAS.NS,Voltas Limited,Consumer Durables,Stage 1,watchlist,1.61,-2.44,2.61,7.3,4.42,1445.5
GRAVITA.NS,Gravita India Limited,Metals & Mining,Stage 4,watchlist,10.0,-2.48,-4.96,12.73,-14.65,1586.3
BATAINDIA.NS,Bata India Limited,Consumer Durables,Stage 4,watchlist,0.0,-2.48,1.14,16.54,-20.24,755.1
SANGHVIMOV.NS,Sanghvi Movers Limited,Capital Goods,Stage 4,watchlist,13.83,-2.49,2.75,26.0,-11.12,308.96
RAYMOND.NS,Raymond Limited,Textiles,Stage 4,watchlist,29.75,-2.5,5.4,20.06,4.28,443.8
NIVABUPA.NS,Niva Bupa Health Insurance Company Ltd.,Financial Services,Stage 4,watchlist,10.37,-2.5,-0.57,11.66,3.96,78.05
MOTILALOFS.NS,Motilal Oswal Financial Services Limited,Financial Services,Stage 4,watchlist,3.8,-2.51,1.03,17.85,-5.28,790.85
ICIL.NS,Indo Count Industries Limited,Textiles,Stage 4,watchlist,10.11,-2.54,-0.78,15.81,-5.76,267.46
QUESS.NS,Quess Corp Limited,Services,Stage 3,watchlist,1.08,-2.57,-1.76,7.73,-5.35,192.69
TMB.NS,Tamilnad Mercantile Bank Limited,Financial Services,Stage 2,watchlist,34.96,-2.6,-4.55,7.98,25.4,650.05
HFCL.NS,HFCL Limited,Telecommunication,Stage 3,watchlist,44.79,-2.61,6.85,38.3,41.83,97.75
TBOTEK.NS,TBO Tek Ltd.,Consumer Services,Stage 4,watchlist,2.34,-2.61,-2.0,12.0,-23.4,1243.9
INOXWIND.NS,Inox Wind Limited,Capital Goods,Stage 3,watchlist,13.6,-2.65,6.7,30.38,-17.14,101.79
CHALET.NS,Chalet Hotels Limited,Consumer Services,Stage 4,watchlist,0.0,-2.65,2.58,7.56,-12.37,788.45
TASTYBITE.NS,Tasty Bite Eatables Limited,Fast Moving Consumer Goods,Stage 4,watchlist,21.93,-2.66,-0.84,3.37,-10.24,7053.0
NAM-INDIA.NS,Nippon Life India Asset Management Limited,Financial Services,Stage 3,watchlist,18.23,-2.66,6.95,20.52,17.93,1031.95
UTIAMC.NS,UTI Asset Management Company Limited,Financial Services,Stage 3,watchlist,24.7,-2.67,3.58,9.84,-7.14,1035.65
KRBL.NS,KRBL Limited,Fast Moving Consumer Goods,Stage 4,watchlist,8.0,-2.67,3.59,31.31,-7.38,366.3
CCL.NS,CCL Products (India) Limited,Fast Moving Consumer Goods,Stage 2,watchlist,54.94,-2.68,1.95,5.53,20.22,1091.5
ESABINDIA.NS,Esab India Limited,Capital Goods,Stage 3,watchlist,32.96,-2.68,5.29,9.72,-4.92,5817.0
DEVYANI.NS,Devyani International Limited,Consumer Services,Stage 4,watchlist,9.95,-2.69,1.36,4.35,-25.28,110.16
CYIENT.NS,Cyient Limited,Information Technology,Stage 3,watchlist,3.6,-2.69,-3.25,12.78,-15.62,935.9
BAJAJFINSV.NS,Bajaj Finserv Limited,Financial Services,Stage 4,watchlist,2.0,-2.73,-2.04,4.53,-12.0,1792.6
NSLNISP.NS,NMDC Steel Limited,Metals & Mining,Stage 1,watchlist,18.39,-2.74,-1.83,14.35,-6.53,41.21
ABFRL.NS,Aditya Birla Fashion and Retail Limited,Consumer Services,Stage 4,watchlist,4.51,-2.75,-0.91,11.17,-16.95,63.2
KSL.NS,Kalyani Steels Limited,Capital Goods,Stage 3,watchlist,16.23,-2.76,9.74,23.54,5.03,791.2
SHARDAMOTR.NS,Sharda Motor Industries Limited,Automobile and Auto Components,Stage 3,watchlist,19.91,-2.78,-0.79,8.45,-9.1,855.75
VMART.NS,V-Mart Retail Limited,Consumer Services,Stage 3,watchlist,30.42,-2.8,2.72,23.31,-10.05,627.75
TECHM.NS,Tech Mahindra Limited,Information Technology,Stage 4,watchlist,0.0,-2.81,-4.66,6.03,-11.58,1421.5
VEDL.NS,Vedanta Limited,Metals & Mining,Stage 2,watchlist,50.66,-2.83,-6.04,12.4,24.1,735.6
LTTS.NS,L&T Technology Services Ltd.,Information Technology,Stage 4,watchlist,7.37,-2.83,0.04,4.11,-21.24,3449.6
RSYSTEMS.NS,R Systems International Limited,Information Technology,Stage 4,watchlist,6.71,-2.84,0.82,6.16,-29.87,280.27
DELHIVERY.NS,Delhivery Limited,Services,Stage 3,watchlist,22.39,-2.87,-2.25,8.71,12.18,449.4
TCIEXP.NS,TCI Express Limited,Services,Stage 4,watchlist,0.0,-2.87,-5.08,6.07,-9.89,522.45
NETWEB.NS,Netweb Technologies India Limited,Information Technology,Stage 3,watchlist,22.75,-2.89,5.26,20.09,26.9,3903.4
DLF.NS,DLF Limited,Realty,Stage 4,watchlist,0.0,-2.92,0.53,9.32,-14.26,592.8
CSBBANK.NS,CSB Bank Limited,Financial Services,Stage 3,watchlist,11.06,-2.93,-4.46,2.46,-20.49,384.75
TATAELXSI.NS,Tata Elxsi Limited,Information Technology,Stage 4,watchlist,1.8,-2.96,-7.84,4.81,-18.77,4233.5
JKCEMENT.NS,J.K. Cement Ltd.,Construction Materials,Stage 3,watchlist,21.54,-2.98,5.3,15.96,5.47,5799.0
CANBK.NS,Canara Bank,Financial Services,Stage 3,watchlist,6.19,-3.0,-0.11,5.98,-8.67,140.87
SBILIFE.NS,SBI Life Insurance Company Limited,Financial Services,Stage 3,watchlist,2.0,-3.01,-7.42,-3.94,-10.28,1828.1
BLS.NS,BLS International Services Ltd.,Consumer Services,Stage 3,watchlist,13.43,-3.03,-5.15,17.77,-10.06,283.18
HEROMOTOCO.NS,Hero MotoCorp Limited,Automobile and Auto Components,Stage 4,watchlist,2.0,-3.03,-2.47,-2.72,-12.18,5032.0
OLAELEC.NS,Ola Electric Mobility Ltd.,Automobile and Auto Components,Stage 3,watchlist,19.91,-3.04,-3.67,58.69,-0.69,37.26
CROMPTON.NS,Crompton Greaves Consumer Electricals Limited,Consumer Durables,Stage 3,watchlist,23.0,-3.05,-2.9,4.51,1.66,253.39
MAHABANK.NS,Bank of Maharashtra,Financial Services,Stage 2,watchlist,37.23,-3.07,8.51,23.42,23.35,77.31
INDHOTEL.NS,The Indian Hotels Company Limited,Consumer Services,Stage 4,watchlist,6.15,-3.07,-2.04,4.2,-13.42,639.45
DBREALTY.NS,D B Realty Limited,Realty,Stage 4,watchlist,16.11,-3.1,-3.56,8.82,-10.51,105.33
PAISALO.NS,Paisalo Digital Limited,Financial Services,Stage 3,watchlist,36.66,-3.11,1.39,30.24,22.38,44.62
BLUESTARCO.NS,Blue Star Limited,Consumer Durables,Stage 3,watchlist,0.87,-3.11,-1.05,5.56,3.25,1829.8
SAFARI.NS,Safari Industries (India) Limited,Consumer Durables,Stage 4,watchlist,0.0,-3.12,-3.4,-6.03,-31.3,1497.7
ARVINDFASN.NS,Arvind Fashions Limited,Consumer Services,Stage 3,watchlist,1.76,-3.16,-3.57,12.88,-10.05,456.9
GOKEX.NS,Gokaldas Exports Limited,Textiles,Stage 3,watchlist,39.13,-3.19,3.13,25.85,-0.86,725.8
PGEL.NS,PG Electroplast Limited,Consumer Durables,Stage 4,watchlist,4.25,-3.19,-1.28,9.1,-4.91,550.5
FIVESTAR.NS,Five-Star Business Finance Limited,Financial Services,Stage 4,watchlist,3.8,-3.2,5.49,36.53,-9.24,484.95
SPANDANA.NS,Spandana Sphoorty Financial Limited,Financial Services,Stage 4,watchlist,3.8,-3.2,-1.6,7.72,-16.32,223.73
LODHA.NS,Macrotech Developers Limited,Realty,Stage 4,watchlist,0.0,-3.2,-1.95,4.71,-20.16,856.5
GALLANTT.NS,Gallantt Ispat Limited,Capital Goods,Stage 3,watchlist,43.26,-3.22,-9.13,53.7,56.37,842.5
M&M.NS,Mahindra & Mahindra Limited,Automobile and Auto Components,Stage 4,watchlist,2.0,-3.24,-5.42,0.08,-18.97,3047.7
NAUKRI.NS,Info Edge (India) Limited,Consumer Services,Stage 4,watchlist,1.8,-3.29,-2.83,4.89,-23.91,1018.05
GABRIEL.NS,Gabriel India Limited,Automobile and Auto Components,Stage 4,watchlist,20.1,-3.3,0.08,18.88,-3.96,997.75
SHRIRAMFIN.NS,Shriram Finance Ltd.,Financial Services,Stage 3,watchlist,6.77,-3.37,-1.32,6.26,-1.02,1009.3
RAMCOCEM.NS,The Ramco Cements Limited,Construction Materials,Stage 4,watchlist,0.0,-3.37,-4.33,1.32,-9.43,958.5
MAHSCOOTER.NS,Maharashtra Scooters Limited,Financial Services,Stage 4,watchlist,2.0,-3.44,-2.73,1.05,-11.21,12613.0
MOTHERSON.NS,Samvardhana Motherson International Limited,Automobile and Auto Components,Stage 2,watchlist,38.7,-3.45,3.58,14.2,4.16,127.22
DIXON.NS,Dixon Technologies (India) Limited,Consumer Durables,Stage 4,watchlist,21.28,-3.55,-3.73,6.6,-10.13,10866.5
VARROC.NS,Varroc Engineering Limited,Automobile and Auto Components,Stage 3,watchlist,28.86,-3.63,-3.57,2.13,-15.3,514.4
TCI.NS,Transport Corporation of India Limited,Services,Stage 4,watchlist,0.0,-3.67,-6.2,-1.56,-13.8,927.1
J&KBANK.NS,The Jammu & Kashmir Bank Limited,Financial Services,Stage 2,watchlist,35.63,-3.71,-3.38,7.85,26.57,127.89
KIMS.NS,Krishna Institute of Medical Sciences Limited,Healthcare,Stage 4,watchlist,18.52,-3.92,-1.53,-0.4,6.31,654.95
TVSMOTOR.NS,TVS Motor Company Limited,Automobile and Auto Components,Stage 3,watchlist,2.2,-4.03,-6.5,2.06,-7.09,3513.0
SUNTV.NS,Sun TV Network Limited,"Media, Entertainment & Publication",Stage 2,watchlist,51.01,-4.08,-1.0,4.42,7.26,625.85
SHARDACROP.NS,Sharda Cropchem Limited,Chemicals,Stage 3,watchlist,8.04,-4.12,0.93,15.93,28.54,1111.05
TRENT.NS,Trent Limited,Consumer Services,Stage 4,watchlist,3.2,-4.13,4.12,22.1,-1.07,4251.4
ASHOKLEY.NS,Ashok Leyland Limited,Capital Goods,Stage 3,watchlist,12.97,-4.66,-3.45,1.22,-7.71,170.63
APLAPOLLO.NS,APL Apollo Tubes Limited,Capital Goods,Stage 3,watchlist,12.51,-4.67,-1.1,4.82,2.69,2022.9
FORCEMOT.NS,FORCE MOTORS LTD,Automobile and Auto Components,Stage 3,watchlist,3.74,-4.69,-7.93,0.14,-0.53,20750.0
STLTECH.NS,Sterlite Technologies Limited,Telecommunication,Stage 2,watchlist,60.38,-5.0,7.84,49.55,169.71,276.45
CARTRADE.NS,Cartrade Tech Limited,Consumer Services,Stage 4,watchlist,1.8,-5.24,-5.95,3.0,-40.24,1691.0
THANGAMAYL.NS,Thangamayil Jewellery Limited,Consumer Durables,Stage 2,watchlist,39.26,-5.8,-11.43,12.87,16.25,3789.4
HAVELLS.NS,Havells India Limited,Consumer Durables,Stage 4,watchlist,0.0,-6.55,-2.39,-2.63,-10.82,1260.3
UNIONBANK.NS,Union Bank of India,Financial Services,Stage 3,watchlist,7.4,-7.39,-4.66,4.39,17.01,179.71
IIFL.NS,IIFL Finance Limited,Financial Services,Stage 4,watchlist,2.0,-10.18,-9.87,-10.11,-31.8,420.05
