ticker,Company Name,Industry,stage,rs_3m_pct,rs_6m_pct,avg_turnover_inr,notes,daily_setup_bucket,weekly_setup_bucket,combined_bucket,daily_score,weekly_score,combined_score,industry_boost,final_combined_score
GPIL.NS,Godawari Power & Ispat Ltd.,Capital Goods,Stage 2,14.17,9.47,498845767.23,"Stage 2, trend_template_ok, daily_vcp_ok, weekly_vcp_ok, weekly_strong",near_pivot,weekly_near_pivot,high_conviction_near_pivot,74.29,63.03,69.22,10.0,79.22
GRANULES.NS,Granules India Ltd.,Healthcare,Stage 2,13.39,21.12,434227464.87,"Stage 2, trend_template_ok, weekly_vcp_ok, weekly_strong",watchlist,weekly_breakout,watchlist,64.39,71.45,67.57,10.0,77.57
GLENMARK.NS,Glenmark Pharmaceuticals Ltd.,Healthcare,Stage 2,14.83,13.53,1311943836.07,"Stage 2, trend_template_ok, daily_vcp_ok, weekly_vcp_ok",forming_vcp,weekly_near_pivot,building_setup,70.0,53.84,62.73,10.0,72.73
KIRLOSENG.NS,Kirloskar Oil Eng Ltd.,Capital Goods,Stage 2,13.85,47.43,534205237.22,"Stage 2, trend_template_ok, weekly_vcp_ok, volume_dryup, weekly_strong",watchlist,weekly_forming,watchlist,64.85,58.8,62.13,10.0,72.13
EMCURE.NS,Emcure Pharmaceuticals Ltd.,Healthcare,Stage 2,24.1,24.36,502569625.77,"Stage 2, trend_template_ok, volume_dryup",watchlist,weekly_watchlist,watchlist,73.8,46.18,61.37,10.0,71.37
POWERINDIA.NS,Hitachi Energy India Ltd.,Capital Goods,Stage 2,47.98,40.65,3203710500.55,"Stage 2, trend_template_ok, volume_dryup",watchlist,weekly_watchlist,watchlist,76.65,42.0,61.06,10.0,71.06
GMDCLTD.NS,Gujarat Mineral Development Corporation Ltd.,Metals & Mining,Stage 2,21.19,11.1,2241000449.44,"Stage 2, trend_template_ok, weekly_vcp_ok",watchlist,weekly_near_pivot,watchlist,64.23,54.23,59.73,10.0,69.73
ABSLAMC.NS,Aditya Birla Sun Life AMC Ltd.,Financial Services,Stage 2,28.42,20.32,765918875.17,"Stage 2, trend_template_ok, daily_vcp_ok, weekly_vcp_ok",forming_vcp,weekly_near_pivot,building_setup,70.95,55.87,64.16,5.0,69.16
NLCINDIA.NS,NLC India Ltd.,Power,Stage 2,16.88,9.08,650339225.67,"Stage 2, daily_vcp_ok, weekly_vcp_ok, weekly_strong",watchlist,weekly_near_pivot,watchlist,55.6,63.26,59.05,10.0,69.05
COALINDIA.NS,Coal India Ltd.,Oil Gas & Consumable Fuels,Stage 2,24.33,26.1,6340354437.66,"Stage 2, weekly_vcp_ok, weekly_strong",watchlist,weekly_near_pivot,watchlist,45.82,73.04,58.07,10.0,68.07
IPCALAB.NS,Ipca Laboratories Ltd.,Healthcare,Stage 2,19.66,15.77,337121654.48,"Stage 2, weekly_vcp_ok, weekly_strong",watchlist,weekly_near_pivot,watchlist,50.54,64.21,56.69,10.0,66.69
LUPIN.NS,Lupin Ltd.,Healthcare,Stage 2,22.78,25.87,2301289445.56,"Stage 2, weekly_vcp_ok, weekly_strong",watchlist,weekly_near_pivot,watchlist,41.33,72.87,55.52,10.0,65.52
CHENNPETRO.NS,Chennai Petroleum Corporation Ltd.,Oil Gas & Consumable Fuels,Stage 2,28.25,41.54,3545383375.28,"Stage 2, trend_template_ok",watchlist,weekly_watchlist,watchlist,66.91,40.98,55.24,10.0,65.24
SAILIFE.NS,Sai Life Sciences Ltd.,Healthcare,Stage 2,23.25,23.81,713260161.31,"Stage 2, trend_template_ok, volume_dryup",watchlist,weekly_watchlist,watchlist,61.86,46.04,54.74,10.0,64.74
CCL.NS,CCL Products (I) Ltd.,Fast Moving Consumer Goods,Stage 2,24.64,30.04,308016724.45,"Stage 2, trend_template_ok",watchlist,weekly_watchlist,watchlist,74.47,46.8,62.02,2.0,64.02
INOXINDIA.NS,INOX India Ltd.,Capital Goods,Stage 3,18.34,7.05,94606275.43,"Stage 3, daily_vcp_ok, weekly_vcp_ok, weekly_strong",watchlist,weekly_watchlist,watchlist,47.95,58.54,52.72,10.0,62.72
ASTRAL.NS,Astral Ltd.,Capital Goods,Stage 2,24.98,20.49,1256003783.59,"Stage 2, weekly_vcp_ok, weekly_strong",watchlist,weekly_near_pivot,watchlist,41.55,65.21,52.2,10.0,62.2
APARINDS.NS,Apar Industries Ltd.,Capital Goods,Stage 2,23.34,22.65,1309960866.0,"Stage 2, trend_template_ok",watchlist,weekly_watchlist,watchlist,61.21,37.93,50.73,10.0,60.73
APOLLOHOSP.NS,Apollo Hospitals Enterprise Ltd.,Healthcare,Stage 1,17.39,5.45,3445693162.82,"Stage 1, daily_vcp_ok, weekly_vcp_ok, weekly_strong",watchlist,weekly_watchlist,watchlist,46.19,54.95,50.13,10.0,60.13
MRPL.NS,Mangalore Refinery & Petrochemicals Ltd.,Oil Gas & Consumable Fuels,Stage 2,36.36,49.45,5149783620.37,"Stage 2, trend_template_ok, daily_vcp_ok",forming_vcp,weekly_watchlist,watchlist,61.98,34.0,49.39,10.0,59.39
CUMMINSIND.NS,Cummins India Ltd.,Capital Goods,Stage 2,15.51,25.84,3607345840.92,"Stage 2, trend_template_ok",watchlist,weekly_watchlist,watchlist,54.49,38.13,47.13,10.0,57.13
ABBOTINDIA.NS,Abbott India Ltd.,Healthcare,Stage 4,7.17,-1.71,250107125.0,"Stage 4, daily_vcp_ok, weekly_vcp_ok, weekly_strong",watchlist,weekly_watchlist,watchlist,39.43,56.55,47.13,10.0,57.13
POWERGRID.NS,Power Grid Corporation of India Ltd.,Power,Stage 3,25.7,16.79,5451708355.3,"Stage 3, daily_vcp_ok, weekly_vcp_ok",watchlist,weekly_watchlist,watchlist,48.96,43.25,46.39,10.0,56.39
NTPC.NS,NTPC Ltd.,Power,Stage 2,29.51,22.03,5464709628.64,"Stage 2, daily_vcp_ok",watchlist,weekly_watchlist,watchlist,63.65,25.15,46.33,10.0,56.33
ADANIPOWER.NS,Adani Power Ltd.,Power,Stage 3,16.48,-2.3,4091139695.19,"Stage 3, daily_vcp_ok, weekly_vcp_ok, weekly_strong",watchlist,weekly_watchlist,watchlist,42.32,50.09,45.82,10.0,55.82
DRREDDY.NS,Dr. Reddy's Laboratories Ltd.,Healthcare,Stage 3,10.59,6.32,2383679314.65,"Stage 3, weekly_vcp_ok, weekly_strong",watchlist,weekly_watchlist,watchlist,42.05,50.36,45.79,10.0,55.79
AUROPHARMA.NS,Aurobindo Pharma Ltd.,Healthcare,Stage 2,17.12,24.04,2002972104.51,Stage 2,watchlist,weekly_watchlist,watchlist,51.17,38.12,45.3,10.0,55.3
GVT&D.NS,GE Vernova T&D India Ltd.,Capital Goods,Stage 2,24.95,26.01,2103984232.68,"Stage 2, trend_template_ok, volume_dryup",watchlist,weekly_watchlist,watchlist,56.51,31.1,45.08,10.0,55.08
JBCHEPHARM.NS,J.B. Chemicals & Pharmaceuticals Ltd.,Healthcare,Stage 2,28.3,31.09,782436303.82,"Stage 2, trend_template_ok",watchlist,weekly_watchlist,watchlist,57.94,28.34,44.62,10.0,54.62
ABB.NS,ABB India Ltd.,Capital Goods,Stage 3,30.86,24.44,2539681180.15,"Stage 3, weekly_vcp_ok, weekly_strong",watchlist,weekly_watchlist,watchlist,36.76,54.2,44.61,10.0,54.61
SUNPHARMA.NS,Sun Pharmaceutical Industries Ltd.,Healthcare,Stage 2,12.96,16.88,5144496316.2,Stage 2,watchlist,weekly_watchlist,watchlist,44.68,44.32,44.52,10.0,54.52
ASHOKLEY.NS,Ashok Leyland Ltd.,Capital Goods,Stage 3,6.37,30.22,3962544776.09,"Stage 3, daily_vcp_ok, weekly_vcp_ok, weekly_strong",watchlist,weekly_watchlist,watchlist,37.66,51.66,43.96,10.0,53.96
BHARATFORG.NS,Bharat Forge Ltd.,Automobile and Auto Components,Stage 2,29.94,43.95,2562390155.36,"Stage 2, trend_template_ok, daily_vcp_ok, volume_dryup",forming_vcp,weekly_watchlist,watchlist,64.84,28.99,48.71,5.0,53.71
WELCORP.NS,Welspun Corp Ltd.,Capital Goods,Stage 1,11.12,-0.57,405389003.02,"Stage 1, daily_vcp_ok, weekly_vcp_ok",watchlist,weekly_watchlist,watchlist,42.63,44.06,43.27,10.0,53.27
GESHIP.NS,Great Eastern Shipping Co. Ltd.,Services,Stage 2,39.5,44.84,966783411.92,"Stage 2, trend_template_ok",watchlist,weekly_watchlist,watchlist,60.12,32.8,47.83,5.0,52.83
NTPCGREEN.NS,NTPC Green Energy Ltd.,Power,Stage 3,18.23,1.7,2668651756.98,"Stage 3, daily_vcp_ok, weekly_vcp_ok, weekly_strong",watchlist,weekly_watchlist,watchlist,35.99,50.66,42.59,10.0,52.59
THERMAX.NS,Thermax Ltd.,Capital Goods,Stage 3,23.39,6.03,561961376.81,"Stage 3, weekly_vcp_ok, weekly_strong",watchlist,weekly_watchlist,watchlist,34.94,51.61,42.44,10.0,52.44
TORNTPHARM.NS,Torrent Pharmaceuticals Ltd.,Healthcare,Stage 2,24.65,26.76,1640502457.84,"Stage 2, trend_template_ok",watchlist,weekly_watchlist,watchlist,56.57,25.14,42.43,10.0,52.43
OIL.NS,Oil India Ltd.,Oil Gas & Consumable Fuels,Stage 3,30.74,29.07,3236319282.63,"Stage 3, weekly_vcp_ok, volume_dryup",watchlist,weekly_watchlist,watchlist,40.25,44.98,42.38,10.0,52.38
WAAREEENER.NS,Waaree Energies Ltd.,Capital Goods,Stage 3,12.14,-1.06,8423558848.58,"Stage 3, weekly_vcp_ok, weekly_strong",watchlist,weekly_watchlist,watchlist,36.11,49.77,42.26,10.0,52.26
ZENTEC.NS,Zen Technologies Ltd.,Capital Goods,Stage 3,10.24,-5.5,905697815.9,"Stage 3, daily_vcp_ok, weekly_vcp_ok, weekly_strong",watchlist,weekly_watchlist,watchlist,30.33,56.47,42.09,10.0,52.09
J&KBANK.NS,Jammu & Kashmir Bank Ltd.,Financial Services,Stage 3,25.52,17.99,1430255725.89,"Stage 3, daily_vcp_ok, weekly_vcp_ok, weekly_strong",watchlist,weekly_watchlist,watchlist,36.05,60.35,46.98,5.0,51.98
ALKEM.NS,Alkem Laboratories Ltd.,Healthcare,Stage 1,7.4,5.89,641999995.7,"Stage 1, weekly_vcp_ok, weekly_strong",watchlist,weekly_watchlist,watchlist,25.33,61.33,41.53,10.0,51.53
NAVA.NS,Nava Ltd.,Power,Stage 3,10.53,-10.83,169259059.36,"Stage 3, daily_vcp_ok, weekly_vcp_ok, weekly_strong",watchlist,weekly_watchlist,watchlist,28.73,56.0,41.0,10.0,51.0
KSB.NS,KSB Ltd.,Capital Goods,Stage 3,14.77,3.29,973081180.08,"Stage 3, volume_dryup",watchlist,weekly_watchlist,watchlist,48.29,31.14,40.57,10.0,50.57
LINDEINDIA.NS,Linde India Ltd.,Chemicals,Stage 3,37.47,26.62,456342638.52,"Stage 3, daily_vcp_ok, weekly_vcp_ok, daily_breakout_volume",watchlist,weekly_watchlist,watchlist,61.0,37.41,50.38,0.0,50.38
NAVINFLUOR.NS,Navin Fluorine International Ltd.,Chemicals,Stage 3,17.57,38.68,1127847863.0,"Stage 3, daily_vcp_ok, weekly_vcp_ok, volume_dryup, weekly_strong",watchlist,weekly_watchlist,watchlist,40.72,61.63,50.13,0.0,50.13
AJANTPHARM.NS,Ajanta Pharmaceuticals Ltd.,Healthcare,Stage 3,18.47,23.32,394095390.77,"Stage 3, weekly_vcp_ok, weekly_strong",watchlist,weekly_watchlist,watchlist,23.43,60.18,39.97,10.0,49.97
RPOWER.NS,Reliance Power Ltd.,Power,Stage 4,-28.56,-46.64,1125208788.69,"Stage 4, weekly_vcp_ok, weekly_strong",watchlist,weekly_watchlist,watchlist,33.07,48.0,39.79,10.0,49.79
HINDCOPPER.NS,Hindustan Copper Ltd.,Metals & Mining,Stage 3,26.31,66.09,5932500395.97,"Stage 3, weekly_vcp_ok, volume_dryup, weekly_strong",watchlist,weekly_watchlist,watchlist,26.0,56.0,39.5,10.0,49.5
PRAJIND.NS,Praj Industries Ltd.,Capital Goods,Stage 3,5.38,-8.62,1267818429.95,"Stage 3, weekly_vcp_ok, weekly_strong",watchlist,weekly_watchlist,watchlist,25.9,56.0,39.45,10.0,49.45
MAHSEAMLES.NS,Maharashtra Seamless Ltd.,Capital Goods,Stage 3,11.18,-0.78,125451588.53,"Stage 3, weekly_vcp_ok, weekly_strong",watchlist,weekly_watchlist,watchlist,24.6,57.04,39.2,10.0,49.2
ONGC.NS,Oil & Natural Gas Corporation Ltd.,Oil Gas & Consumable Fuels,Stage 2,28.96,27.9,7002842430.51,Stage 2,watchlist,weekly_watchlist,watchlist,32.59,47.02,39.08,10.0,49.08
OLECTRA.NS,Olectra Greentech Ltd.,Automobile and Auto Components,Stage 3,1.82,-26.04,1680349389.44,"Stage 3, weekly_vcp_ok, weekly_strong",watchlist,weekly_watchlist,watchlist,40.0,48.67,43.9,5.0,48.9
TATAPOWER.NS,Tata Power Co. Ltd.,Power,Stage 3,13.12,6.87,3433222085.95,"Stage 3, daily_vcp_ok",watchlist,weekly_watchlist,watchlist,44.91,31.33,38.8,10.0,48.8
TORNTPOWER.NS,Torrent Power Ltd.,Power,Stage 3,19.58,18.35,884479910.11,"Stage 3, weekly_vcp_ok, volume_dryup, weekly_strong",watchlist,weekly_watchlist,watchlist,28.18,51.79,38.8,10.0,48.8
DATAPATTNS.NS,Data Patterns (India) Ltd.,Capital Goods,Stage 3,34.28,24.59,4099970945.15,"Stage 3, weekly_vcp_ok",watchlist,weekly_watchlist,watchlist,33.67,44.89,38.72,10.0,48.72
BSE.NS,BSE Ltd.,Financial Services,Stage 3,14.95,39.67,12081258180.38,"Stage 3, weekly_vcp_ok, weekly_strong",watchlist,weekly_watchlist,watchlist,34.97,54.13,43.59,5.0,48.59
AKUMS.NS,Akums Drugs and Pharmaceuticals Ltd.,Healthcare,Stage 3,20.25,10.11,70723911.63,"Stage 3, weekly_vcp_ok, volume_dryup, weekly_strong",watchlist,weekly_watchlist,watchlist,27.69,51.7,38.49,10.0,48.49
CESC.NS,CESC Ltd.,Power,Stage 4,1.73,1.89,428455584.17,"Stage 4, daily_vcp_ok, weekly_vcp_ok, weekly_strong",watchlist,weekly_watchlist,watchlist,28.36,49.03,37.66,10.0,47.66
VTL.NS,Vardhman Textiles Ltd.,Textiles,Stage 3,32.9,36.35,316059884.75,Stage 3,watchlist,weekly_watchlist,watchlist,47.8,36.26,42.61,5.0,47.61
SHYAMMETL.NS,Shyam Metalics and Energy Ltd.,Capital Goods,Stage 4,7.75,-4.73,148009727.24,"Stage 4, daily_vcp_ok, weekly_vcp_ok, weekly_strong",watchlist,weekly_watchlist,watchlist,34.3,40.97,37.3,10.0,47.3
IOC.NS,Indian Oil Corporation Ltd.,Oil Gas & Consumable Fuels,Stage 1,-1.52,7.14,4054415259.07,"Stage 1, daily_vcp_ok, weekly_vcp_ok",watchlist,weekly_watchlist,watchlist,38.27,35.56,37.05,10.0,47.05
SJVN.NS,SJVN Ltd.,Power,Stage 4,2.76,-18.02,381925688.59,"Stage 4, weekly_vcp_ok, weekly_strong",watchlist,weekly_watchlist,watchlist,34.0,40.67,37.0,10.0,47.0
SYNGENE.NS,Syngene International Ltd.,Healthcare,Stage 4,-26.98,-29.6,566710119.07,"Stage 4, weekly_vcp_ok, weekly_strong",watchlist,weekly_watchlist,watchlist,28.0,48.0,37.0,10.0,47.0
FINCABLES.NS,Finolex Cables Ltd.,Capital Goods,Stage 3,18.0,7.12,866026457.2,"Stage 3, daily_vcp_ok, weekly_vcp_ok, weekly_strong",watchlist,weekly_watchlist,watchlist,31.84,43.18,36.94,10.0,46.94
BIOCON.NS,Biocon Ltd.,Healthcare,Stage 1,4.36,11.44,1395095385.98,"Stage 1, weekly_vcp_ok",watchlist,weekly_watchlist,watchlist,30.09,44.58,36.61,10.0,46.61
JUBLPHARMA.NS,Jubilant Pharmova Ltd.,Healthcare,Stage 4,-8.02,-11.61,142753356.46,"Stage 4, weekly_vcp_ok, weekly_strong",watchlist,weekly_watchlist,watchlist,33.0,40.67,36.45,10.0,46.45
RELIANCE.NS,Reliance Industries Ltd.,Oil Gas & Consumable Fuels,Stage 3,2.34,11.06,26838686413.39,"Stage 3, daily_vcp_ok",watchlist,weekly_watchlist,watchlist,47.16,23.34,36.44,10.0,46.44
FORTIS.NS,Fortis Healthcare Ltd.,Healthcare,Stage 3,2.45,-6.49,1567763553.91,"Stage 3, weekly_vcp_ok, weekly_strong",watchlist,weekly_watchlist,watchlist,26.99,48.0,36.44,10.0,46.44
CASTROLIND.NS,Castrol India Ltd.,Oil Gas & Consumable Fuels,Stage 4,8.62,-2.3,369527122.86,"Stage 4, daily_vcp_ok, weekly_vcp_ok",watchlist,weekly_watchlist,watchlist,33.63,39.63,36.33,10.0,46.33
PTCIL.NS,PTC Industries Ltd.,Capital Goods,Stage 3,5.69,20.52,278263898.8,"Stage 3, daily_vcp_ok, weekly_vcp_ok",watchlist,weekly_watchlist,watchlist,38.53,33.62,36.32,10.0,46.32
WOCKPHARMA.NS,Wockhardt Ltd.,Healthcare,Stage 4,-8.73,-13.58,570958365.44,"Stage 4, weekly_vcp_ok, weekly_strong",watchlist,weekly_watchlist,watchlist,26.75,48.0,36.31,10.0,46.31
BPCL.NS,Bharat Petroleum Corporation Ltd.,Oil Gas & Consumable Fuels,Stage 1,-9.11,0.58,4436175325.16,"Stage 1, weekly_vcp_ok, weekly_strong",watchlist,weekly_watchlist,watchlist,23.46,52.0,36.3,10.0,46.3
SARDAEN.NS,Sarda Energy and Minerals Ltd.,Metals & Mining,Stage 1,9.15,-2.81,441446610.58,"Stage 1, weekly_vcp_ok",watchlist,weekly_watchlist,watchlist,30.29,43.63,36.29,10.0,46.29
MCX.NS,Multi Commodity Exchange of India Ltd.,Financial Services,Stage 3,24.16,60.92,8943798506.82,"Stage 3, weekly_vcp_ok, weekly_strong",watchlist,weekly_watchlist,watchlist,26.11,59.6,41.18,5.0,46.18
LLOYDSME.NS,Lloyds Metals And Energy Ltd.,Metals & Mining,Stage 3,3.07,5.38,901284633.3,"Stage 3, weekly_vcp_ok",watchlist,weekly_watchlist,watchlist,33.12,39.85,36.15,10.0,46.15
POLYMED.NS,Poly Medicure Ltd.,Healthcare,Stage 4,-18.41,-26.86,368434944.02,"Stage 4, weekly_vcp_ok, volume_dryup, weekly_strong",watchlist,weekly_watchlist,watchlist,25.82,48.0,35.8,10.0,45.8
AADHARHFC.NS,Aadhar Housing Finance Ltd.,Financial Services,Stage 1,8.7,-2.74,272810701.88,"Stage 1, weekly_vcp_ok, volume_dryup",watchlist,weekly_watchlist,watchlist,38.46,43.6,40.77,5.0,45.77
ASTRAZEN.NS,AstraZenca Pharma India Ltd.,Healthcare,Stage 1,3.06,2.16,45555072.17,"Stage 1, weekly_vcp_ok, volume_dryup, weekly_strong",watchlist,weekly_watchlist,watchlist,20.73,53.19,35.34,10.0,45.34
VGUARD.NS,V-Guard Industries Ltd.,Consumer Durables,Stage 3,9.41,-2.63,52331572.21,"Stage 3, weekly_vcp_ok, volume_dryup, weekly_strong",watchlist,weekly_watchlist,watchlist,42.03,49.34,45.32,0.0,45.32
PFC.NS,Power Finance Corporation Ltd.,Financial Services,Stage 3,26.82,9.82,3677712924.02,"Stage 3, daily_vcp_ok, weekly_vcp_ok",watchlist,weekly_watchlist,watchlist,38.33,42.66,40.28,5.0,45.28
ENDURANCE.NS,Endurance Technologies Ltd.,Automobile and Auto Components,Stage 1,-1.27,-12.01,212975800.48,"Stage 1, daily_vcp_ok, weekly_vcp_ok, weekly_strong",watchlist,weekly_watchlist,watchlist,36.56,44.67,40.21,5.0,45.21
GODIGIT.NS,Go Digit General Insurance Ltd.,Financial Services,Stage 1,7.16,1.93,98210457.0,"Stage 1, weekly_vcp_ok, weekly_strong",watchlist,weekly_watchlist,watchlist,29.21,53.58,40.18,5.0,45.18
FORCEMOT.NS,Force Motors Ltd.,Automobile and Auto Components,Stage 3,28.89,27.61,2287283772.5,"Stage 3, weekly_vcp_ok, weekly_strong",watchlist,weekly_watchlist,watchlist,28.78,53.65,39.97,5.0,44.97
HAL.NS,Hindustan Aeronautics Ltd.,Capital Goods,Stage 4,-3.95,-13.85,6651568715.59,"Stage 4, daily_vcp_ok, weekly_vcp_ok, volume_dryup, weekly_strong",watchlist,weekly_watchlist,watchlist,30.22,40.67,34.92,10.0,44.92
MEDANTA.NS,Global Health Ltd.,Healthcare,Stage 4,-5.57,-17.21,167789736.96,"Stage 4, weekly_vcp_ok, weekly_strong",watchlist,weekly_watchlist,watchlist,30.0,40.67,34.8,10.0,44.8
BEL.NS,Bharat Electronics Ltd.,Capital Goods,Stage 3,16.67,11.95,8873601888.08,"Stage 3, weekly_vcp_ok, weekly_strong",watchlist,weekly_watchlist,watchlist,21.49,50.86,34.71,10.0,44.71
JINDALSAW.NS,Jindal Saw Ltd.,Capital Goods,Stage 4,20.36,-3.9,2823547921.21,"Stage 4, weekly_vcp_ok",watchlist,weekly_watchlist,watchlist,29.65,40.65,34.6,10.0,44.6
BALRAMCHIN.NS,Balrampur Chini Mills Ltd.,Fast Moving Consumer Goods,Stage 3,20.17,4.83,577699677.64,"Stage 3, weekly_vcp_ok, weekly_strong",watchlist,weekly_watchlist,watchlist,35.01,51.17,42.28,2.0,44.28
GRSE.NS,Garden Reach Shipbuilders & Engineers Ltd.,Capital Goods,Stage 4,1.73,-9.31,2538774015.66,"Stage 4, weekly_vcp_ok, volume_dryup, weekly_strong",watchlist,weekly_watchlist,watchlist,28.9,40.67,34.2,10.0,44.2
NHPC.NS,NHPC Ltd.,Power,Stage 3,12.06,-1.65,1381121972.18,"Stage 3, daily_vcp_ok",watchlist,weekly_watchlist,watchlist,37.25,30.38,34.16,10.0,44.16
HINDALCO.NS,Hindalco Industries Ltd.,Metals & Mining,Stage 3,11.39,24.14,6340313542.18,"Stage 3, weekly_vcp_ok, weekly_strong",watchlist,weekly_watchlist,watchlist,19.55,51.55,33.95,10.0,43.95
ACE.NS,Action Construction Equipment Ltd.,Capital Goods,Stage 4,-5.52,-20.79,180422122.48,"Stage 4, weekly_vcp_ok, weekly_strong",watchlist,weekly_watchlist,watchlist,28.28,40.67,33.86,10.0,43.86
GILLETTE.NS,Gillette India Ltd.,Fast Moving Consumer Goods,Stage 4,10.8,-12.76,163637909.82,"Stage 4, daily_vcp_ok, weekly_vcp_ok, weekly_strong",watchlist,weekly_watchlist,watchlist,36.82,48.0,41.85,2.0,43.85
JPPOWER.NS,Jaiprakash Power Ventures Ltd.,Power,Stage 4,-3.69,-9.96,1687850688.06,"Stage 4, weekly_vcp_ok",watchlist,weekly_watchlist,watchlist,35.98,31.0,33.74,10.0,43.74
NATCOPHARM.NS,NATCO Pharma Ltd.,Healthcare,Stage 3,15.08,19.78,1823109010.94,"Stage 3, volume_dryup",watchlist,weekly_watchlist,watchlist,34.49,32.82,33.74,10.0,43.74
MAZDOCK.NS,Mazagoan Dock Shipbuilders Ltd.,Capital Goods,Stage 4,2.38,-14.37,6285074027.35,"Stage 4, weekly_vcp_ok, weekly_strong",watchlist,weekly_watchlist,watchlist,28.0,40.67,33.7,10.0,43.7
GRAPHITE.NS,Graphite India Ltd.,Capital Goods,Stage 3,12.55,9.78,966532856.52,"Stage 3, weekly_vcp_ok, volume_dryup",watchlist,weekly_watchlist,watchlist,33.9,33.23,33.6,10.0,43.6
JSWINFRA.NS,JSW Infrastructure Ltd.,Services,Stage 4,2.91,-15.29,418636215.67,"Stage 4, daily_vcp_ok, weekly_vcp_ok",watchlist,weekly_watchlist,watchlist,38.17,39.0,38.54,5.0,43.54
REDINGTON.NS,Redington Ltd.,Services,Stage 4,-11.24,-18.07,3331846809.99,"Stage 4, weekly_vcp_ok, volume_dryup, weekly_strong",watchlist,weekly_watchlist,watchlist,30.59,48.0,38.42,5.0,43.42
ACMESOLAR.NS,ACME Solar Holdings Ltd.,Power,Stage 3,18.13,-6.8,471009068.78,"Stage 3, daily_vcp_ok",watchlist,weekly_watchlist,watchlist,41.75,23.13,33.37,10.0,43.37
APLLTD.NS,Alembic Pharmaceuticals Ltd.,Healthcare,Stage 4,-9.03,-19.6,52973805.78,"Stage 4, daily_vcp_ok, weekly_vcp_ok, weekly_strong",watchlist,weekly_watchlist,watchlist,27.38,40.67,33.36,10.0,43.36
RAMCOCEM.NS,The Ramco Cements Ltd.,Construction Materials,Stage 1,-2.89,-5.33,180055125.71,"Stage 1, daily_vcp_ok, weekly_vcp_ok, weekly_strong",watchlist,weekly_watchlist,watchlist,36.25,52.0,43.34,0.0,43.34
BAJAJHFL.NS,Bajaj Housing Finance Ltd.,Financial Services,Stage 4,-5.38,-20.92,518494747.23,"Stage 4, daily_vcp_ok, weekly_vcp_ok, weekly_strong",watchlist,weekly_watchlist,watchlist,30.0,48.0,38.1,5.0,43.1
PNBHOUSING.NS,PNB Housing Finance Ltd.,Financial Services,Stage 4,-3.69,0.59,705156032.37,"Stage 4, weekly_vcp_ok, weekly_strong",watchlist,weekly_watchlist,watchlist,23.43,56.0,38.09,5.0,43.09
IGIL.NS,International Gemmological Institute (India) Ltd.,Services,Stage 3,14.89,-3.52,267765480.35,"Stage 3, weekly_vcp_ok, weekly_strong",watchlist,weekly_watchlist,watchlist,28.03,49.8,37.83,5.0,42.83
GODREJIND.NS,Godrej Industries Ltd.,Diversified,Stage 4,-8.96,-23.29,67968217.78,"Stage 4, daily_vcp_ok, weekly_vcp_ok, weekly_strong",watchlist,weekly_watchlist,watchlist,34.88,48.0,40.78,2.0,42.78
360ONE.NS,360 ONE WAM Ltd.,Financial Services,Stage 1,-2.66,1.53,818994090.74,"Stage 1, weekly_vcp_ok, volume_dryup, weekly_strong",watchlist,weekly_watchlist,watchlist,32.04,44.67,37.72,5.0,42.72
HDFCLIFE.NS,HDFC Life Insurance Company Ltd.,Financial Services,Stage 4,-8.61,-13.92,2114867373.61,"Stage 4, daily_vcp_ok, weekly_vcp_ok, weekly_strong",watchlist,weekly_watchlist,watchlist,29.2,48.0,37.66,5.0,42.66
CONCORDBIO.NS,Concord Biotech Ltd.,Healthcare,Stage 4,-10.34,-26.45,1191221678.49,"Stage 4, weekly_vcp_ok, volume_dryup, weekly_strong",watchlist,weekly_watchlist,watchlist,26.0,40.67,32.6,10.0,42.6
AARTIIND.NS,Aarti Industries Ltd.,Chemicals,Stage 3,21.66,17.0,378792120.09,"Stage 3, weekly_vcp_ok, weekly_strong",watchlist,weekly_watchlist,watchlist,28.45,59.87,42.59,0.0,42.59
SCHAEFFLER.NS,Schaeffler India Ltd.,Automobile and Auto Components,Stage 3,17.28,5.67,747321092.12,"Stage 3, daily_vcp_ok, weekly_vcp_ok, weekly_strong",watchlist,weekly_watchlist,watchlist,33.01,42.96,37.49,5.0,42.49
PPLPHARMA.NS,Piramal Pharma Ltd.,Healthcare,Stage 4,-11.1,-23.34,433482292.68,"Stage 4, weekly_vcp_ok, weekly_strong",watchlist,weekly_watchlist,watchlist,25.65,40.67,32.41,10.0,42.41
GUJGASLTD.NS,Gujarat Gas Ltd.,Oil Gas & Consumable Fuels,Stage 4,-4.81,-14.91,1090287667.03,"Stage 4, weekly_vcp_ok, weekly_strong",watchlist,weekly_watchlist,watchlist,25.3,40.67,32.22,10.0,42.22
MANAPPURAM.NS,Manappuram Finance Ltd.,Financial Services,Stage 1,-1.7,-4.2,1665552223.18,"Stage 1, weekly_vcp_ok, weekly_strong",watchlist,weekly_watchlist,watchlist,25.0,52.0,37.15,5.0,42.15
HYUNDAI.NS,Hyundai Motor India Ltd.,Automobile and Auto Components,Stage 1,-7.2,-22.14,1167219415.57,"Stage 1, weekly_vcp_ok, weekly_strong",watchlist,weekly_watchlist,watchlist,25.59,51.2,37.11,5.0,42.11
IIFL.NS,IIFL Finance Ltd.,Financial Services,Stage 3,-7.36,11.57,523036385.76,"Stage 3, weekly_vcp_ok, volume_dryup, weekly_strong",watchlist,weekly_watchlist,watchlist,29.42,46.42,37.07,5.0,42.07
GSPL.NS,Gujarat State Petronet Ltd.,Oil Gas & Consumable Fuels,Stage 4,-8.98,-16.9,323800638.05,"Stage 4, daily_vcp_ok, weekly_vcp_ok, weekly_strong",watchlist,weekly_watchlist,watchlist,25.0,40.67,32.05,10.0,42.05
INOXWIND.NS,Inox Wind Ltd.,Capital Goods,Stage 4,-26.25,-39.35,986134993.43,"Stage 4, weekly_vcp_ok, weekly_strong",watchlist,weekly_watchlist,watchlist,25.0,40.67,32.05,10.0,42.05
MGL.NS,Mahanagar Gas Ltd.,Oil Gas & Consumable Fuels,Stage 4,-6.15,-19.12,575502662.36,"Stage 4, weekly_vcp_ok, weekly_strong",watchlist,weekly_watchlist,watchlist,25.0,40.67,32.05,10.0,42.05
ANANDRATHI.NS,Anand Rathi Wealth Ltd.,Financial Services,Stage 3,11.52,7.38,563099045.64,"Stage 3, daily_vcp_ok, weekly_vcp_ok",watchlist,weekly_watchlist,watchlist,33.83,40.89,37.01,5.0,42.01
ANGELONE.NS,Angel One Ltd.,Financial Services,Stage 3,3.37,12.95,1949474096.32,"Stage 3, weekly_vcp_ok, weekly_strong",watchlist,weekly_watchlist,watchlist,26.63,49.63,36.98,5.0,41.98
ARE&M.NS,Amara Raja Energy & Mobility Ltd.,Automobile and Auto Components,Stage 4,-9.14,-18.74,263725129.42,"Stage 4, daily_vcp_ok, weekly_vcp_ok, weekly_strong",watchlist,weekly_watchlist,watchlist,27.79,48.0,36.88,5.0,41.88
SIEMENS.NS,Siemens Ltd.,Capital Goods,Stage 1,8.05,-0.21,1327133520.58,"Stage 1, daily_vcp_ok",watchlist,weekly_watchlist,watchlist,36.35,26.12,31.75,10.0,41.75
METROPOLIS.NS,Metropolis Healthcare Ltd.,Healthcare,Stage 1,5.43,-5.08,96772084.33,"Stage 1, weekly_vcp_ok",watchlist,weekly_watchlist,watchlist,28.89,35.03,31.65,10.0,41.65
ESCORTS.NS,Escorts Kubota Ltd.,Capital Goods,Stage 3,-9.76,-10.77,444967313.92,"Stage 3, weekly_vcp_ok, weekly_strong",watchlist,weekly_watchlist,watchlist,24.13,40.67,31.57,10.0,41.57
INDGN.NS,Indegene Ltd.,Healthcare,Stage 4,-4.09,-13.58,195426417.98,"Stage 4, weekly_vcp_ok, weekly_strong",watchlist,weekly_watchlist,watchlist,23.96,40.67,31.48,10.0,41.48
TIMKEN.NS,Timken India Ltd.,Capital Goods,Stage 3,14.26,12.64,252489829.02,"Stage 3, weekly_vcp_ok",watchlist,weekly_watchlist,watchlist,29.37,33.69,31.31,10.0,41.31
LALPATHLAB.NS,Dr. Lal Path Labs Ltd.,Healthcare,Stage 3,5.59,-12.72,419260811.72,"Stage 3, weekly_vcp_ok, weekly_strong",watchlist,weekly_watchlist,watchlist,23.31,40.67,31.12,10.0,41.12
CUB.NS,City Union Bank Ltd.,Financial Services,Stage 3,-5.93,23.76,623285420.29,"Stage 3, weekly_vcp_ok, weekly_strong",watchlist,weekly_watchlist,watchlist,24.92,49.78,36.11,5.0,41.11
HINDZINC.NS,Hindustan Zinc Ltd.,Metals & Mining,Stage 3,-6.03,17.76,3760773573.82,"Stage 3, weekly_vcp_ok, volume_dryup",watchlist,weekly_watchlist,watchlist,30.17,32.17,31.07,10.0,41.07
SUPREMEIND.NS,Supreme Industries Ltd.,Capital Goods,Stage 1,24.5,-4.34,1188135863.74,"Stage 1, daily_vcp_ok",watchlist,weekly_watchlist,watchlist,33.44,28.02,31.0,10.0,41.0
MINDACORP.NS,Minda Corporation Ltd.,Automobile and Auto Components,Stage 3,-0.21,7.44,110791221.89,"Stage 3, weekly_vcp_ok, weekly_strong",watchlist,weekly_watchlist,watchlist,31.33,41.39,35.86,5.0,40.86
GRASIM.NS,Grasim Industries Ltd.,Construction Materials,Stage 1,2.55,-1.14,3116905239.09,"Stage 1, weekly_vcp_ok, weekly_strong",watchlist,weekly_watchlist,watchlist,31.31,52.14,40.68,0.0,40.68
YESBANK.NS,Yes Bank Ltd.,Financial Services,Stage 3,-4.43,-5.27,1921114686.68,"Stage 3, weekly_vcp_ok, weekly_strong",watchlist,weekly_watchlist,watchlist,25.14,48.0,35.43,5.0,40.43
AEGISLOG.NS,Aegis Logistics Ltd.,Oil Gas & Consumable Fuels,Stage 4,-6.15,-14.69,956814839.93,"Stage 4, weekly_vcp_ok, weekly_strong",watchlist,weekly_watchlist,watchlist,22.0,40.67,30.4,10.0,40.4
JYOTICNC.NS,Jyoti CNC Automation Ltd.,Capital Goods,Stage 4,-10.42,-10.99,736371571.81,"Stage 4, weekly_vcp_ok, weekly_strong",watchlist,weekly_watchlist,watchlist,22.0,40.67,30.4,10.0,40.4
MAHSCOOTER.NS,Maharashtra Scooters Ltd.,Financial Services,Stage 3,-2.89,-23.28,59000055.4,"Stage 3, daily_vcp_ok, weekly_vcp_ok, volume_dryup, weekly_strong",watchlist,weekly_watchlist,watchlist,24.66,48.0,35.16,5.0,40.16
USHAMART.NS,Usha Martin Ltd.,Capital Goods,Stage 3,-2.59,0.62,356507846.78,"Stage 3, daily_vcp_ok, volume_dryup",watchlist,weekly_watchlist,watchlist,30.83,29.33,30.16,10.0,40.16
RRKABEL.NS,R R Kabel Ltd.,Capital Goods,Stage 3,0.56,17.4,468462173.59,"Stage 3, weekly_vcp_ok, volume_dryup",watchlist,weekly_watchlist,watchlist,27.89,32.8,30.1,10.0,40.1
GRAVITA.NS,Gravita India Ltd.,Metals & Mining,Stage 4,-12.06,-7.16,327852941.19,"Stage 4, weekly_vcp_ok",watchlist,weekly_watchlist,watchlist,29.25,31.0,30.04,10.0,40.04
PREMIERENE.NS,Premier Energies Ltd.,Capital Goods,Stage 3,13.47,-3.87,2396092049.19,"Stage 3, daily_vcp_ok",watchlist,weekly_watchlist,watchlist,29.75,30.29,29.99,10.0,39.99
SUNTV.NS,Sun TV Network Ltd.,Media Entertainment & Publication,Stage 3,21.98,22.33,325605851.88,Stage 3,watchlist,weekly_watchlist,watchlist,41.43,33.76,37.98,2.0,39.98
RKFORGE.NS,Ramkrishna Forgings Ltd.,Automobile and Auto Components,Stage 4,4.28,-3.84,160881889.55,"Stage 4, daily_vcp_ok, weekly_vcp_ok, weekly_strong",watchlist,weekly_watchlist,watchlist,30.25,40.71,34.96,5.0,39.96
SCI.NS,Shipping Corporation of India Ltd.,Services,Stage 3,20.12,13.76,948025826.62,"Stage 3, weekly_vcp_ok, volume_dryup",watchlist,weekly_watchlist,watchlist,35.39,34.39,34.94,5.0,39.94
BAYERCROP.NS,Bayer Cropscience Ltd.,Chemicals,Stage 3,15.04,-1.54,111029742.8,"Stage 3, daily_vcp_ok, weekly_vcp_ok, weekly_strong",watchlist,weekly_watchlist,watchlist,31.65,50.02,39.92,0.0,39.92
ZYDUSLIFE.NS,Zydus Lifesciences Ltd.,Healthcare,Stage 1,7.99,-4.88,581481341.43,"Stage 1, daily_vcp_ok",watchlist,weekly_watchlist,watchlist,32.85,26.31,29.91,10.0,39.91
SAIL.NS,Steel Authority of India Ltd.,Metals & Mining,Stage 3,22.27,17.09,3681059987.62,Stage 3,watchlist,weekly_watchlist,watchlist,33.04,25.27,29.54,10.0,39.54
ADANIGREEN.NS,Adani Green Energy Ltd.,Power,Stage 4,-4.98,-17.6,2647651033.32,"Stage 4, weekly_vcp_ok",watchlist,weekly_watchlist,watchlist,28.19,31.0,29.45,10.0,39.45
SBICARD.NS,SBI Cards and Payment Services Ltd.,Financial Services,Stage 4,-9.59,-12.7,1046993704.24,"Stage 4, weekly_vcp_ok, weekly_strong",watchlist,weekly_watchlist,watchlist,29.35,40.67,34.44,5.0,39.44
UNITDSPR.NS,United Spirits Ltd.,Fast Moving Consumer Goods,Stage 4,5.96,9.97,1533790772.57,"Stage 4, weekly_vcp_ok, weekly_strong",watchlist,weekly_watchlist,watchlist,20.87,57.59,37.39,2.0,39.39
SAREGAMA.NS,Saregama India Ltd,Media Entertainment & Publication,Stage 3,10.11,-20.51,139840464.87,"Stage 3, weekly_vcp_ok, weekly_strong",watchlist,weekly_watchlist,watchlist,28.0,48.67,37.3,2.0,39.3
DOMS.NS,DOMS Industries Ltd.,Fast Moving Consumer Goods,Stage 3,1.86,-2.94,954704201.7,"Stage 3, weekly_vcp_ok, weekly_strong",watchlist,weekly_watchlist,watchlist,22.0,56.0,37.3,2.0,39.3
CENTRALBK.NS,Central Bank of India,Financial Services,Stage 4,2.0,-2.17,450897247.76,"Stage 4, daily_vcp_ok, weekly_vcp_ok, weekly_strong",watchlist,weekly_watchlist,watchlist,29.06,40.67,34.28,5.0,39.28
BANDHANBNK.NS,Bandhan Bank Ltd.,Financial Services,Stage 1,12.89,1.45,2167901795.2,"Stage 1, daily_vcp_ok, weekly_vcp_ok",watchlist,weekly_watchlist,watchlist,32.43,36.43,34.23,5.0,39.23
POONAWALLA.NS,Poonawalla Fincorp Ltd.,Financial Services,Stage 1,-6.54,-11.73,546463858.6,"Stage 1, weekly_vcp_ok, weekly_strong",watchlist,weekly_watchlist,watchlist,25.63,44.67,34.2,5.0,39.2
BHEL.NS,Bharat Heavy Electricals Ltd.,Capital Goods,Stage 3,4.05,17.3,2501361133.84,"Stage 3, volume_dryup",watchlist,weekly_watchlist,watchlist,27.07,31.47,29.05,10.0,39.05
MSUMI.NS,Motherson Sumi Wiring India Ltd.,Automobile and Auto Components,Stage 1,-5.01,-11.63,265902912.34,"Stage 1, weekly_vcp_ok, weekly_strong",watchlist,weekly_watchlist,watchlist,25.0,44.67,33.85,5.0,38.85
ELGIEQUIP.NS,Elgi Equipments Ltd.,Capital Goods,Stage 1,14.69,6.33,225956127.55,"Stage 1, weekly_vcp_ok",watchlist,weekly_watchlist,watchlist,21.99,37.1,28.79,10.0,38.79
KIMS.NS,Krishna Institute of Medical Sciences Ltd.,Healthcare,Stage 1,10.93,-5.09,240888585.98,"Stage 1, volume_dryup",watchlist,weekly_watchlist,watchlist,31.08,25.92,28.76,10.0,38.76
SYRMA.NS,Syrma SGS Technology Ltd.,Capital Goods,Stage 3,20.28,6.5,952526435.67,Stage 3,watchlist,weekly_watchlist,watchlist,32.58,24.01,28.72,10.0,38.72
CRISIL.NS,CRISIL Ltd.,Financial Services,Stage 4,5.2,-10.19,184670792.48,"Stage 4, weekly_vcp_ok, weekly_strong",watchlist,weekly_watchlist,watchlist,22.0,48.0,33.7,5.0,38.7
MAPMYINDIA.NS,C.E. Info Systems Ltd.,Information Technology,Stage 4,-37.34,-37.33,190674892.62,"Stage 4, daily_vcp_ok, weekly_vcp_ok, weekly_strong",watchlist,weekly_watchlist,watchlist,31.0,48.0,38.65,0.0,38.65
MFSL.NS,Max Financial Services Ltd.,Financial Services,Stage 3,5.73,11.26,1436267009.78,"Stage 3, weekly_vcp_ok, weekly_strong",watchlist,weekly_watchlist,watchlist,26.5,42.37,33.64,5.0,38.64
NAUKRI.NS,Info Edge (India) Ltd.,Consumer Services,Stage 4,-15.08,-20.54,1841666132.9,"Stage 4, daily_vcp_ok, weekly_vcp_ok, weekly_strong",watchlist,weekly_watchlist,watchlist,30.85,48.0,38.57,0.0,38.57
AKZOINDIA.NS,Akzo Nobel India Ltd.,Consumer Durables,Stage 4,2.99,-5.98,132169654.34,"Stage 4, weekly_vcp_ok, weekly_strong",watchlist,weekly_watchlist,watchlist,30.17,48.67,38.5,0.0,38.5
APLAPOLLO.NS,APL Apollo Tubes Ltd.,Capital Goods,Stage 3,18.16,27.11,1494141632.55,"Stage 3, daily_vcp_ok",watchlist,weekly_watchlist,watchlist,40.85,12.93,28.29,10.0,38.29
TRITURBINE.NS,Triveni Turbine Ltd.,Capital Goods,Stage 4,-4.61,-7.83,151513021.67,"Stage 4, weekly_vcp_ok, volume_dryup",watchlist,weekly_watchlist,watchlist,26.0,31.0,28.25,10.0,38.25
JWL.NS,Jupiter Wagons Ltd.,Capital Goods,Stage 4,-10.26,-12.72,2348247996.3,"Stage 4, weekly_vcp_ok, volume_dryup",watchlist,weekly_watchlist,watchlist,25.93,31.0,28.21,10.0,38.21
ADANIENSOL.NS,Adani Energy Solutions Ltd.,Power,Stage 3,8.43,19.81,1800215990.9,Stage 3,watchlist,weekly_watchlist,watchlist,30.97,24.82,28.2,10.0,38.2
SHRIRAMFIN.NS,Shriram Finance Ltd.,Financial Services,Stage 3,6.8,54.33,8886184773.24,"Stage 3, weekly_vcp_ok, weekly_strong",watchlist,weekly_watchlist,watchlist,18.6,50.91,33.14,5.0,38.14
SBFC.NS,SBFC Finance Ltd.,Financial Services,Stage 4,-6.68,-11.9,152210262.57,"Stage 4, weekly_vcp_ok, weekly_strong",watchlist,weekly_watchlist,watchlist,26.96,40.67,33.13,5.0,38.13
IGL.NS,Indraprastha Gas Ltd.,Oil Gas & Consumable Fuels,Stage 4,-9.51,-18.26,493797518.71,"Stage 4, weekly_vcp_ok",watchlist,weekly_watchlist,watchlist,25.79,31.0,28.13,10.0,38.13
TTML.NS,Tata Teleservices (Maharashtra) Ltd.,Telecommunication,Stage 4,-17.66,-29.95,100693064.02,"Stage 4, weekly_vcp_ok, weekly_strong",watchlist,weekly_watchlist,watchlist,26.17,48.0,35.99,2.0,37.99
HEG.NS,H.E.G. Ltd.,Capital Goods,Stage 1,3.06,3.96,670499413.18,"Stage 1, volume_dryup",watchlist,weekly_watchlist,watchlist,35.58,18.7,27.98,10.0,37.98
GODREJCP.NS,Godrej Consumer Products Ltd.,Fast Moving Consumer Goods,Stage 4,-3.02,-8.04,1643544306.1,"Stage 4, daily_vcp_ok, weekly_vcp_ok, weekly_strong",watchlist,weekly_watchlist,watchlist,26.12,48.0,35.97,2.0,37.97
LTFOODS.NS,LT Foods Ltd.,Fast Moving Consumer Goods,Stage 4,6.46,-10.07,2677025768.13,"Stage 4, weekly_vcp_ok, volume_dryup, weekly_strong",watchlist,weekly_watchlist,watchlist,26.0,48.0,35.9,2.0,37.9
CDSL.NS,Central Depository Services (India) Ltd.,Financial Services,Stage 4,-9.32,-14.4,2392454491.68,"Stage 4, weekly_vcp_ok, weekly_strong",watchlist,weekly_watchlist,watchlist,26.43,40.67,32.84,5.0,37.84
MAXHEALTH.NS,Max Healthcare Institute Ltd.,Healthcare,Stage 4,2.6,-7.74,3237591811.39,"Stage 4, weekly_vcp_ok",watchlist,weekly_watchlist,watchlist,25.0,31.0,27.7,10.0,37.7
NIVABUPA.NS,Niva Bupa Health Insurance Company Ltd.,Financial Services,Stage 4,2.74,-7.61,151595440.65,"Stage 4, daily_vcp_ok, weekly_vcp_ok",watchlist,weekly_watchlist,watchlist,34.0,31.0,32.65,5.0,37.65
SUNDRMFAST.NS,Sundram Fasteners Ltd.,Automobile and Auto Components,Stage 4,-3.0,-13.56,251895495.94,"Stage 4, daily_vcp_ok, weekly_vcp_ok",watchlist,weekly_watchlist,watchlist,34.0,31.0,32.65,5.0,37.65
IEX.NS,Indian Energy Exchange Ltd.,Financial Services,Stage 4,-2.32,-7.6,729817775.94,"Stage 4, weekly_vcp_ok, volume_dryup, weekly_strong",watchlist,weekly_watchlist,watchlist,19.46,48.67,32.6,5.0,37.6
GICRE.NS,General Insurance Corporation of India,Financial Services,Stage 3,9.4,7.94,117098955.54,"Stage 3, weekly_vcp_ok, volume_dryup, weekly_strong",watchlist,weekly_watchlist,watchlist,18.57,49.73,32.59,5.0,37.59
SAGILITY.NS,Sagility Ltd.,Information Technology,Stage 3,-16.58,-7.25,1633004148.86,"Stage 3, daily_vcp_ok, weekly_vcp_ok, weekly_strong",watchlist,weekly_watchlist,watchlist,28.84,48.0,37.46,0.0,37.46
CHOLAHLDNG.NS,Cholamandalam Financial Holdings Ltd.,Financial Services,Stage 4,-13.99,-21.35,377367630.51,"Stage 4, weekly_vcp_ok, weekly_strong",watchlist,weekly_watchlist,watchlist,25.73,40.67,32.45,5.0,37.45
JSWENERGY.NS,JSW Energy Ltd.,Power,Stage 4,12.12,-1.32,1710163446.8,"Stage 4, weekly_vcp_ok",watchlist,weekly_watchlist,watchlist,17.08,40.08,27.43,10.0,37.43
GLAND.NS,Gland Pharma Ltd.,Healthcare,Stage 1,11.44,-7.9,157540527.93,"Stage 1, daily_vcp_ok, volume_dryup",watchlist,weekly_watchlist,watchlist,41.24,10.35,27.34,10.0,37.34
CROMPTON.NS,Crompton Greaves Consumer Electricals Ltd.,Consumer Durables,Stage 4,3.93,-13.53,465917266.95,"Stage 4, weekly_vcp_ok, volume_dryup, weekly_strong",watchlist,weekly_watchlist,watchlist,28.52,48.0,37.29,0.0,37.29
CGPOWER.NS,CG Power and Industrial Solutions Ltd.,Capital Goods,Stage 3,12.83,-3.64,2086379160.88,Stage 3,watchlist,weekly_watchlist,watchlist,24.87,30.25,27.29,10.0,37.29
TIINDIA.NS,Tube Investments of India Ltd.,Automobile and Auto Components,Stage 3,11.43,-13.73,1636823503.27,"Stage 3, weekly_vcp_ok, volume_dryup",watchlist,weekly_watchlist,watchlist,26.78,39.0,32.28,5.0,37.28
IDFCFIRSTB.NS,IDFC First Bank Ltd.,Financial Services,Stage 3,-14.5,-2.92,4235512729.76,"Stage 3, weekly_vcp_ok, volume_dryup, weekly_strong",watchlist,weekly_watchlist,watchlist,19.31,48.0,32.22,5.0,37.22
CHAMBLFERT.NS,Chambal Fertilizers & Chemicals Ltd.,Chemicals,Stage 4,2.08,-11.77,358709612.16,"Stage 4, weekly_vcp_ok, weekly_strong",watchlist,weekly_watchlist,watchlist,34.33,40.67,37.18,0.0,37.18
AIAENG.NS,AIA Engineering Ltd.,Capital Goods,Stage 1,-1.36,19.4,305391746.55,"Stage 1, weekly_vcp_ok",watchlist,weekly_watchlist,watchlist,19.29,36.8,27.17,10.0,37.17
DIVISLAB.NS,Divi's Laboratories Ltd.,Healthcare,Stage 4,5.5,8.44,1632558185.9,"Stage 4, weekly_vcp_ok, volume_dryup",watchlist,weekly_watchlist,watchlist,16.28,40.39,27.13,10.0,37.13
NETWEB.NS,Netweb Technologies India Ltd.,Information Technology,Stage 3,11.42,0.02,8370994827.18,"Stage 3, daily_vcp_ok, weekly_vcp_ok, volume_dryup, weekly_strong",watchlist,weekly_watchlist,watchlist,33.14,41.81,37.04,0.0,37.04
PNB.NS,Punjab National Bank,Financial Services,Stage 1,1.17,4.42,2211844540.33,"Stage 1, daily_vcp_ok, weekly_vcp_ok",watchlist,weekly_watchlist,watchlist,29.12,35.56,32.02,5.0,37.02
NCC.NS,NCC Ltd.,Construction,Stage 4,-2.87,-26.82,452479892.48,"Stage 4, daily_vcp_ok, weekly_vcp_ok, weekly_strong",watchlist,weekly_watchlist,watchlist,34.0,40.67,37.0,0.0,37.0
WIPRO.NS,Wipro Ltd.,Information Technology,Stage 4,-16.21,-13.12,3338235063.78,"Stage 4, weekly_vcp_ok, weekly_strong",watchlist,weekly_watchlist,watchlist,28.0,48.0,37.0,0.0,37.0
SONACOMS.NS,Sona BLW Precision Forgings Ltd.,Automobile and Auto Components,Stage 3,14.1,27.53,739788294.06,"Stage 3, weekly_vcp_ok",watchlist,weekly_watchlist,watchlist,22.82,43.16,31.97,5.0,36.97
CONCOR.NS,Container Corporation of India Ltd.,Services,Stage 4,-2.49,-10.81,825725129.87,"Stage 4, weekly_vcp_ok, weekly_strong",watchlist,weekly_watchlist,watchlist,24.8,40.67,31.94,5.0,36.94
HSCL.NS,Himadri Speciality Chemical Ltd.,Chemicals,Stage 4,4.96,7.44,800636202.46,"Stage 4, daily_vcp_ok, weekly_vcp_ok",watchlist,weekly_watchlist,watchlist,40.68,32.24,36.88,0.0,36.88
GODREJAGRO.NS,Godrej Agrovet Ltd.,Fast Moving Consumer Goods,Stage 4,9.86,-14.64,93694890.45,"Stage 4, weekly_vcp_ok, volume_dryup",watchlist,weekly_watchlist,watchlist,38.0,31.0,34.85,2.0,36.85
RAILTEL.NS,Railtel Corporation Of India Ltd.,Telecommunication,Stage 4,-14.25,-22.42,337536583.6,"Stage 4, weekly_vcp_ok, weekly_strong",watchlist,weekly_watchlist,watchlist,23.95,48.0,34.77,2.0,36.77
PIIND.NS,PI Industries Ltd.,Chemicals,Stage 4,-2.21,-15.14,658125087.95,"Stage 4, daily_vcp_ok, weekly_vcp_ok, weekly_strong",watchlist,weekly_watchlist,watchlist,27.44,48.0,36.69,0.0,36.69
GMRAIRPORT.NS,GMR Airports Ltd.,Services,Stage 1,-2.67,7.18,1233846363.55,"Stage 1, weekly_vcp_ok, weekly_strong",watchlist,weekly_watchlist,watchlist,20.69,45.12,31.68,5.0,36.68
LICHSGFIN.NS,LIC Housing Finance Ltd.,Financial Services,Stage 4,2.18,-8.91,933798211.48,"Stage 4, weekly_vcp_ok, weekly_strong",watchlist,weekly_watchlist,watchlist,18.19,48.0,31.6,5.0,36.6
NEULANDLAB.NS,Neuland Laboratories Ltd.,Healthcare,Stage 1,-9.06,-11.87,393337226.2,"Stage 1, daily_vcp_ok, volume_dryup",watchlist,weekly_watchlist,watchlist,33.64,18.0,26.6,10.0,36.6
CEATLTD.NS,Ceat Ltd.,Automobile and Auto Components,Stage 3,0.89,8.99,559636314.45,"Stage 3, weekly_vcp_ok, weekly_strong",watchlist,weekly_watchlist,watchlist,22.74,41.65,31.25,5.0,36.25
CAPLIPOINT.NS,Caplin Point Laboratories Ltd.,Healthcare,Stage 4,-7.47,-22.09,105544915.26,"Stage 4, weekly_vcp_ok",watchlist,weekly_watchlist,watchlist,22.36,31.0,26.25,10.0,36.25
MANKIND.NS,Mankind Pharma Ltd.,Healthcare,Stage 4,1.61,-13.86,1549472185.45,"Stage 4, daily_vcp_ok",watchlist,weekly_watchlist,watchlist,29.9,21.33,26.04,10.0,36.04
INDIACEM.NS,India Cements Ltd.,Construction Materials,Stage 3,-6.82,0.72,79254494.84,"Stage 3, weekly_vcp_ok, volume_dryup, weekly_strong",watchlist,weekly_watchlist,watchlist,26.0,48.0,35.9,0.0,35.9
COCHINSHIP.NS,Cochin Shipyard Ltd.,Capital Goods,Stage 4,-8.11,-22.28,1493064352.05,Stage 4,watchlist,weekly_watchlist,watchlist,29.58,21.33,25.87,10.0,35.87
BHARTIARTL.NS,Bharti Airtel Ltd.,Telecommunication,Stage 1,-2.66,1.66,19129760689.2,"Stage 1, weekly_vcp_ok, weekly_strong",watchlist,weekly_watchlist,watchlist,19.0,52.0,33.85,2.0,35.85
AIIL.NS,Authum Investment & Infrastructure Ltd.,Financial Services,Stage 3,-2.54,-12.41,509985921.52,Stage 3,watchlist,weekly_watchlist,watchlist,32.0,29.33,30.8,5.0,35.8
JIOFIN.NS,Jio Financial Services Ltd.,Financial Services,Stage 4,-9.65,-17.06,3661477880.18,"Stage 4, weekly_vcp_ok, weekly_strong",watchlist,weekly_watchlist,watchlist,22.56,40.67,30.71,5.0,35.71
FACT.NS,Fertilisers and Chemicals Travancore Ltd.,Chemicals,Stage 3,1.88,-10.28,2307034999.93,"Stage 3, weekly_vcp_ok, weekly_strong",watchlist,weekly_watchlist,watchlist,25.0,48.67,35.65,0.0,35.65
BRITANNIA.NS,Britannia Industries Ltd.,Fast Moving Consumer Goods,Stage 1,3.42,0.57,2075773168.72,"Stage 1, weekly_vcp_ok, weekly_strong",watchlist,weekly_watchlist,watchlist,24.22,45.07,33.6,2.0,35.6
BEML.NS,BEML Ltd.,Capital Goods,Stage 4,-8.67,-23.51,397571211.9,Stage 4,watchlist,weekly_watchlist,watchlist,29.05,21.33,25.58,10.0,35.58
NUVAMA.NS,Nuvama Wealth Management Ltd.,Financial Services,Stage 4,-7.01,3.73,392847777.42,"Stage 4, weekly_vcp_ok, weekly_strong",watchlist,weekly_watchlist,watchlist,16.17,48.0,30.49,5.0,35.49
ATGL.NS,Adani Total Gas Ltd.,Oil Gas & Consumable Fuels,Stage 4,5.09,-23.62,5756689767.38,Stage 4,watchlist,weekly_watchlist,watchlist,22.0,29.33,25.3,10.0,35.3
CGCL.NS,Capri Global Capital Ltd.,Financial Services,Stage 1,7.4,-2.82,354415235.06,Stage 1,watchlist,weekly_watchlist,watchlist,27.17,33.79,30.15,5.0,35.15
IRB.NS,IRB Infrastructure Developers Ltd.,Construction,Stage 4,7.81,3.32,306443796.97,"Stage 4, weekly_vcp_ok, weekly_strong",watchlist,weekly_watchlist,watchlist,23.11,49.78,35.11,0.0,35.11
RVNL.NS,Rail Vikas Nigam Ltd.,Construction,Stage 4,-11.7,-18.23,2045802732.09,"Stage 4, weekly_vcp_ok, volume_dryup, weekly_strong",watchlist,weekly_watchlist,watchlist,24.55,48.0,35.1,0.0,35.1
RADICO.NS,Radico Khaitan Ltd,Fast Moving Consumer Goods,Stage 1,-6.91,-4.07,1207712727.18,"Stage 1, weekly_vcp_ok",watchlist,weekly_watchlist,watchlist,31.51,35.0,33.08,2.0,35.08
KPIL.NS,Kalpataru Projects International Ltd.,Construction,Stage 1,2.62,-7.58,261957039.03,"Stage 1, daily_vcp_ok, weekly_vcp_ok",watchlist,weekly_watchlist,watchlist,34.82,35.0,34.9,0.0,34.9
TARIL.NS,Transformers And Rectifiers (India) Ltd.,Capital Goods,Stage 3,6.37,-38.04,1231092412.8,"Stage 3, weekly_vcp_ok, volume_dryup",watchlist,weekly_watchlist,watchlist,19.84,31.0,24.86,10.0,34.86
IRCON.NS,IRCON International Ltd.,Construction,Stage 4,-16.93,-24.79,896435252.14,"Stage 4, weekly_vcp_ok, weekly_strong",watchlist,weekly_watchlist,watchlist,24.01,48.0,34.81,0.0,34.81
CYIENT.NS,Cyient Ltd.,Information Technology,Stage 4,-17.79,-22.74,254918323.02,"Stage 4, daily_vcp_ok, weekly_vcp_ok, weekly_strong",watchlist,weekly_watchlist,watchlist,29.79,40.67,34.69,0.0,34.69
DABUR.NS,Dabur India Ltd.,Fast Moving Consumer Goods,Stage 3,-2.09,-9.32,871953266.92,"Stage 3, daily_vcp_ok, weekly_vcp_ok",watchlist,weekly_watchlist,watchlist,34.01,31.0,32.66,2.0,34.66
GLAXO.NS,Glaxosmithkline Pharmaceuticals Ltd.,Healthcare,Stage 4,4.81,-6.87,117424543.23,"Stage 4, weekly_vcp_ok, volume_dryup",watchlist,weekly_watchlist,watchlist,19.34,31.0,24.59,10.0,34.59
RECLTD.NS,REC Ltd.,Financial Services,Stage 4,5.02,-4.02,2729321543.99,"Stage 4, daily_vcp_ok, weekly_vcp_ok",watchlist,weekly_watchlist,watchlist,28.11,31.1,29.46,5.0,34.46
HBLENGINE.NS,HBL Engineering Ltd.,Capital Goods,Stage 3,-9.63,-11.51,790454492.55,"Stage 3, volume_dryup",watchlist,weekly_watchlist,watchlist,32.88,14.0,24.38,10.0,34.38
ZFCVINDIA.NS,ZF Commercial Vehicle Control Systems India Ltd.,Automobile and Auto Components,Stage 1,0.48,8.49,191854761.05,Stage 1,watchlist,weekly_watchlist,watchlist,31.94,26.23,29.37,5.0,34.37
LAURUSLABS.NS,Laurus Labs Ltd.,Healthcare,Stage 3,5.36,19.45,1742086361.39,Stage 3,watchlist,weekly_watchlist,watchlist,30.83,16.48,24.37,10.0,34.37
PFIZER.NS,Pfizer Ltd.,Healthcare,Stage 4,4.4,1.5,90432557.99,"Stage 4, volume_dryup",watchlist,weekly_watchlist,watchlist,19.49,29.92,24.18,10.0,34.18
ZEEL.NS,Zee Entertainment Enterprises Ltd.,Media Entertainment & Publication,Stage 4,-9.7,-30.83,714328270.85,"Stage 4, weekly_vcp_ok, weekly_strong",watchlist,weekly_watchlist,watchlist,25.19,40.67,32.16,2.0,34.16
BAJAJHLDNG.NS,Bajaj Holdings & Investment Ltd.,Financial Services,Stage 4,-4.76,-20.15,602248759.7,"Stage 4, daily_vcp_ok",watchlist,weekly_watchlist,watchlist,35.5,21.33,29.12,5.0,34.12
BBTC.NS,Bombay Burmah Trading Corporation Ltd.,Fast Moving Consumer Goods,Stage 4,-12.15,-15.76,71556945.36,"Stage 4, weekly_vcp_ok, weekly_strong",watchlist,weekly_watchlist,watchlist,25.08,40.67,32.1,2.0,34.1
AUBANK.NS,AU Small Finance Bank Ltd.,Financial Services,Stage 3,1.96,33.82,3522746313.59,"Stage 3, weekly_vcp_ok, weekly_strong",watchlist,weekly_watchlist,watchlist,14.1,47.18,28.99,5.0,33.99
CAMPUS.NS,Campus Activewear Ltd.,Consumer Durables,Stage 4,-1.89,-11.03,59533521.54,"Stage 4, daily_vcp_ok, weekly_vcp_ok, volume_dryup, weekly_strong",watchlist,weekly_watchlist,watchlist,28.51,40.67,33.98,0.0,33.98
KIRLOSBROS.NS,Kirloskar Brothers Ltd.,Capital Goods,Stage 4,4.81,-16.33,363150004.3,"Stage 4, daily_vcp_ok, volume_dryup",watchlist,weekly_watchlist,watchlist,32.0,14.0,23.9,10.0,33.9
CARBORUNIV.NS,Carborundum Universal Ltd.,Capital Goods,Stage 4,2.22,-10.62,72026237.61,"Stage 4, volume_dryup",watchlist,weekly_watchlist,watchlist,26.0,21.33,23.9,10.0,33.9
JINDALSTEL.NS,Jindal Steel Ltd.,Metals & Mining,Stage 3,23.12,18.07,1658485257.86,Stage 3,watchlist,weekly_watchlist,watchlist,22.64,25.45,23.9,10.0,33.9
FLUOROCHEM.NS,Gujarat Fluorochemicals Ltd.,Chemicals,Stage 4,0.61,-8.2,257658303.55,"Stage 4, daily_vcp_ok, weekly_vcp_ok, weekly_strong",watchlist,weekly_watchlist,watchlist,28.29,40.67,33.86,0.0,33.86
BHARTIHEXA.NS,Bharti Hexacom Ltd.,Telecommunication,Stage 4,-0.04,3.07,220330171.24,"Stage 4, weekly_vcp_ok, weekly_strong",watchlist,weekly_watchlist,watchlist,17.82,48.97,31.84,2.0,33.84
TATACONSUM.NS,Tata Consumer Products Ltd.,Fast Moving Consumer Goods,Stage 3,1.28,2.72,1454423294.6,"Stage 3, weekly_vcp_ok, weekly_strong",watchlist,weekly_watchlist,watchlist,18.2,48.4,31.79,2.0,33.79
CHALET.NS,Chalet Hotels Ltd.,Consumer Services,Stage 3,-6.18,-18.99,131764048.95,"Stage 3, daily_vcp_ok, weekly_vcp_ok, weekly_strong",watchlist,weekly_watchlist,watchlist,28.0,40.67,33.7,0.0,33.7
COROMANDEL.NS,Coromandel International Ltd.,Chemicals,Stage 4,-6.66,-4.78,815998823.23,"Stage 4, daily_vcp_ok, weekly_vcp_ok, weekly_strong",watchlist,weekly_watchlist,watchlist,28.0,40.67,33.7,0.0,33.7
LTTS.NS,L&T Technology Services Ltd.,Information Technology,Stage 4,-20.39,-14.92,1215768000.86,"Stage 4, weekly_vcp_ok, weekly_strong",watchlist,weekly_watchlist,watchlist,22.0,48.0,33.7,0.0,33.7
BAJFINANCE.NS,Bajaj Finance Ltd.,Financial Services,Stage 3,-3.6,-6.11,8683244418.05,"Stage 3, weekly_vcp_ok",watchlist,weekly_watchlist,watchlist,26.71,31.0,28.64,5.0,33.64
HONAUT.NS,Honeywell Automation India Ltd.,Capital Goods,Stage 4,-5.28,-16.19,169116993.75,"Stage 4, weekly_vcp_ok",watchlist,weekly_watchlist,watchlist,17.58,31.0,23.62,10.0,33.62
MOTILALOFS.NS,Motilal Oswal Financial Services Ltd.,Financial Services,Stage 4,-13.22,-21.56,559396312.51,"Stage 4, weekly_vcp_ok",watchlist,weekly_watchlist,watchlist,26.29,31.0,28.41,5.0,33.41
NSLNISP.NS,NMDC Steel Ltd.,Metals & Mining,Stage 3,-3.63,-15.57,153615719.11,Stage 3,watchlist,weekly_watchlist,watchlist,25.0,21.33,23.35,10.0,33.35
NH.NS,Narayana Hrudayalaya Ltd.,Healthcare,Stage 4,0.67,4.72,507944418.97,"Stage 4, weekly_vcp_ok",watchlist,weekly_watchlist,watchlist,16.54,31.54,23.29,10.0,33.29
TITAN.NS,Titan Company Ltd.,Consumer Durables,Stage 3,11.79,22.32,3489156847.03,"Stage 3, weekly_vcp_ok, weekly_strong",watchlist,weekly_watchlist,watchlist,24.35,44.08,33.23,0.0,33.23
DELHIVERY.NS,Delhivery Ltd.,Services,Stage 3,14.11,-0.94,700445372.32,"Stage 3, daily_vcp_ok",watchlist,weekly_watchlist,watchlist,32.2,23.32,28.2,5.0,33.2
IFCI.NS,IFCI Ltd.,Financial Services,Stage 3,10.66,-1.68,1327131871.57,"Stage 3, weekly_vcp_ok, volume_dryup",watchlist,weekly_watchlist,watchlist,25.18,31.9,28.2,5.0,33.2
APOLLOTYRE.NS,Apollo Tyres Ltd.,Automobile and Auto Components,Stage 3,-7.97,-6.68,517024514.4,"Stage 3, weekly_vcp_ok, weekly_strong",watchlist,weekly_watchlist,watchlist,12.0,48.0,28.2,5.0,33.2
DMART.NS,Avenue Supermarts Ltd.,Consumer Services,Stage 4,10.58,-10.05,1680102058.09,"Stage 4, daily_vcp_ok, weekly_vcp_ok",watchlist,weekly_watchlist,watchlist,28.36,39.05,33.17,0.0,33.17
GAIL.NS,GAIL (India) Ltd.,Oil Gas & Consumable Fuels,Stage 4,-5.03,-12.01,2489842075.19,Stage 4,watchlist,weekly_watchlist,watchlist,24.49,21.33,23.07,10.0,33.07
JYOTHYLAB.NS,Jyothy Labs Ltd.,Fast Moving Consumer Goods,Stage 4,-12.73,-25.33,139199859.29,"Stage 4, daily_vcp_ok",watchlist,weekly_watchlist,watchlist,38.99,21.33,31.04,2.0,33.04
ADANIPORTS.NS,Adani Ports and Special Economic Zone Ltd.,Services,Stage 1,2.45,2.61,3955083303.77,"Stage 1, daily_vcp_ok",watchlist,weekly_watchlist,watchlist,29.76,25.84,28.0,5.0,33.0
CHOICEIN.NS,Choice International Ltd.,Financial Services,Stage 3,-10.75,-13.49,421157305.91,Stage 3,watchlist,weekly_watchlist,watchlist,27.0,29.2,27.99,5.0,32.99
STARHEALTH.NS,Star Health and Allied Insurance Company Ltd.,Financial Services,Stage 3,11.43,11.05,251662589.72,"Stage 3, daily_vcp_ok",watchlist,weekly_watchlist,watchlist,30.92,24.25,27.92,5.0,32.92
NMDC.NS,NMDC Ltd.,Metals & Mining,Stage 3,9.48,12.45,1927052667.39,Stage 3,watchlist,weekly_watchlist,watchlist,30.39,13.79,22.92,10.0,32.92
VBL.NS,Varun Beverages Ltd.,Fast Moving Consumer Goods,Stage 4,-6.93,-6.76,2528827798.41,"Stage 4, weekly_vcp_ok, weekly_strong",watchlist,weekly_watchlist,watchlist,16.93,48.0,30.91,2.0,32.91
WHIRLPOOL.NS,Whirlpool of India Ltd.,Consumer Durables,Stage 4,-2.81,-30.4,274304124.13,"Stage 4, weekly_vcp_ok",watchlist,weekly_watchlist,watchlist,34.46,31.0,32.9,0.0,32.9
ADANIENT.NS,Adani Enterprises Ltd.,Metals & Mining,Stage 4,-6.71,-21.33,3780777384.01,Stage 4,watchlist,weekly_watchlist,watchlist,30.0,14.0,22.8,10.0,32.8
FINPIPE.NS,Finolex Industries Ltd.,Capital Goods,Stage 4,8.08,-16.5,106779424.44,"Stage 4, daily_vcp_ok",watchlist,weekly_watchlist,watchlist,30.0,14.0,22.8,10.0,32.8
ELECON.NS,Elecon Engineering Co. Ltd.,Capital Goods,Stage 4,-9.41,-27.72,177081339.39,Stage 4,watchlist,weekly_watchlist,watchlist,29.91,14.0,22.75,10.0,32.75
ASTERDM.NS,Aster DM Healthcare Ltd.,Healthcare,Stage 3,18.57,7.27,588398264.38,Stage 3,watchlist,weekly_watchlist,watchlist,21.26,24.58,22.75,10.0,32.75
HFCL.NS,HFCL Ltd.,Telecommunication,Stage 3,17.47,2.49,1475864066.06,"Stage 3, daily_vcp_ok",watchlist,weekly_watchlist,watchlist,30.0,31.33,30.6,2.0,32.6
BRIGADE.NS,Brigade Enterprises Ltd.,Realty,Stage 4,-14.16,-20.66,214206138.62,"Stage 4, weekly_vcp_ok, volume_dryup, weekly_strong",watchlist,weekly_watchlist,watchlist,19.77,48.0,32.47,0.0,32.47
BALKRISIND.NS,Balkrishna Industries Ltd.,Automobile and Auto Components,Stage 3,1.69,-9.05,370269775.08,"Stage 3, weekly_vcp_ok, volume_dryup",watchlist,weekly_watchlist,watchlist,24.38,31.0,27.36,5.0,32.36
CREDITACC.NS,CreditAccess Grameen Ltd.,Financial Services,Stage 1,0.83,-5.92,364578536.1,"Stage 1, volume_dryup",watchlist,weekly_watchlist,watchlist,35.0,18.0,27.35,5.0,32.35
VENTIVE.NS,Ventive Hospitality Ltd.,Consumer Services,Stage 4,0.39,-9.98,59621655.22,"Stage 4, daily_vcp_ok, weekly_vcp_ok, weekly_strong",watchlist,weekly_watchlist,watchlist,25.41,40.67,32.28,0.0,32.28
NATIONALUM.NS,National Aluminium Co. Ltd.,Metals & Mining,Stage 3,36.22,82.34,6618259315.94,Stage 3,watchlist,weekly_watchlist,watchlist,31.0,11.6,22.27,10.0,32.27
SOBHA.NS,Sobha Ltd.,Realty,Stage 4,-6.29,-14.89,164612972.02,"Stage 4, weekly_vcp_ok, weekly_strong",watchlist,weekly_watchlist,watchlist,25.32,40.67,32.23,0.0,32.23
TATAINVEST.NS,Tata Investment Corporation Ltd.,Financial Services,Stage 3,-5.95,-10.28,463040931.58,"Stage 3, volume_dryup",watchlist,weekly_watchlist,watchlist,38.0,14.0,27.2,5.0,32.2
PAYTM.NS,One 97 Communications Ltd.,Financial Services,Stage 3,-10.32,-3.93,2825085377.56,"Stage 3, weekly_vcp_ok, volume_dryup",watchlist,weekly_watchlist,watchlist,23.89,31.0,27.09,5.0,32.09
ASIANPAINT.NS,Asian Paints Ltd.,Consumer Durables,Stage 3,-8.57,-1.02,2690057386.59,"Stage 3, weekly_vcp_ok, volume_dryup, weekly_strong",watchlist,weekly_watchlist,watchlist,18.65,48.0,31.86,0.0,31.86
FIRSTCRY.NS,Brainbees Solutions Ltd.,Consumer Services,Stage 4,-12.26,-31.0,1759429374.15,"Stage 4, weekly_vcp_ok, weekly_strong",watchlist,weekly_watchlist,watchlist,18.5,48.0,31.78,0.0,31.78
IRCTC.NS,Indian Railway Catering And Tourism Corporation Ltd.,Consumer Services,Stage 4,-11.46,-18.71,2097379520.07,"Stage 4, weekly_vcp_ok, volume_dryup, weekly_strong",watchlist,weekly_watchlist,watchlist,18.41,48.0,31.73,0.0,31.73
SUNDARMFIN.NS,Sundaram Finance Ltd.,Financial Services,Stage 1,4.0,9.51,455845645.15,"Stage 1, daily_vcp_ok",watchlist,weekly_watchlist,watchlist,32.74,19.35,26.71,5.0,31.71
RHIM.NS,RHI MAGNESITA INDIA LTD.,Capital Goods,Stage 4,-11.22,-18.08,91523636.69,Stage 4,watchlist,weekly_watchlist,watchlist,28.0,14.0,21.7,10.0,31.7
BLUEDART.NS,Blue Dart Express Ltd.,Services,Stage 4,3.1,-4.62,53463836.45,"Stage 4, daily_vcp_ok, volume_dryup",watchlist,weekly_watchlist,watchlist,31.02,21.33,26.66,5.0,31.66
TRIVENI.NS,Triveni Engineering & Industries Ltd.,Fast Moving Consumer Goods,Stage 3,5.75,16.56,177850057.45,"Stage 3, weekly_vcp_ok",watchlist,weekly_watchlist,watchlist,20.15,41.23,29.64,2.0,31.64
KEI.NS,KEI Industries Ltd.,Capital Goods,Stage 3,6.14,9.52,2352692998.77,Stage 3,watchlist,weekly_watchlist,watchlist,26.57,15.57,21.62,10.0,31.62
CERA.NS,Cera Sanitaryware Ltd,Consumer Durables,Stage 4,0.63,-15.42,95936311.54,"Stage 4, daily_vcp_ok, weekly_vcp_ok, weekly_strong",watchlist,weekly_watchlist,watchlist,24.0,40.67,31.5,0.0,31.5
SONATSOFTW.NS,Sonata Software Ltd.,Information Technology,Stage 4,-24.47,-32.0,239710948.01,"Stage 4, weekly_vcp_ok, weekly_strong",watchlist,weekly_watchlist,watchlist,23.94,40.67,31.47,0.0,31.47
PIDILITIND.NS,Pidilite Industries Ltd.,Chemicals,Stage 4,3.57,-2.76,979009101.35,"Stage 4, weekly_vcp_ok, weekly_strong",watchlist,weekly_watchlist,watchlist,17.73,48.08,31.39,0.0,31.39
SAMMAANCAP.NS,Sammaan Capital Ltd.,Financial Services,Stage 3,10.77,7.66,1540072979.26,"Stage 3, daily_vcp_ok",watchlist,weekly_watchlist,watchlist,34.96,15.84,26.36,5.0,31.36
IREDA.NS,Indian Renewable Energy Development Agency Ltd.,Financial Services,Stage 4,-5.1,-18.56,994830957.41,"Stage 4, weekly_vcp_ok",watchlist,weekly_watchlist,watchlist,22.56,31.0,26.36,5.0,31.36
TECHM.NS,Tech Mahindra Ltd.,Information Technology,Stage 3,0.19,5.7,3178318749.35,"Stage 3, weekly_vcp_ok",watchlist,weekly_watchlist,watchlist,31.15,31.59,31.35,0.0,31.35
DEEPAKNTR.NS,Deepak Nitrite Ltd.,Chemicals,Stage 4,-9.56,-17.51,187675257.68,Stage 4,watchlist,weekly_watchlist,watchlist,39.0,21.33,31.05,0.0,31.05
PGEL.NS,PG Electroplast Ltd.,Consumer Durables,Stage 3,-0.44,-1.04,2215447711.55,"Stage 3, weekly_vcp_ok, weekly_strong",watchlist,weekly_watchlist,watchlist,23.15,40.67,31.03,0.0,31.03
IDBI.NS,IDBI Bank Ltd.,Financial Services,Stage 1,-20.52,-18.5,2628820458.99,"Stage 1, weekly_vcp_ok",watchlist,weekly_watchlist,watchlist,18.66,35.0,26.01,5.0,31.01
VIJAYA.NS,Vijaya Diagnostic Centre Ltd.,Healthcare,Stage 1,1.11,-6.45,102040027.12,Stage 1,watchlist,weekly_watchlist,watchlist,17.38,25.33,20.96,10.0,30.96
KFINTECH.NS,Kfin Technologies Ltd.,Financial Services,Stage 4,-5.29,-7.62,674463848.81,Stage 4,watchlist,weekly_watchlist,watchlist,29.66,21.33,25.91,5.0,30.91
LICI.NS,Life Insurance Corporation of India,Financial Services,Stage 4,1.15,-6.59,869454283.92,"Stage 4, daily_vcp_ok, volume_dryup",watchlist,weekly_watchlist,watchlist,35.61,14.0,25.89,5.0,30.89
POLYCAB.NS,Polycab India Ltd.,Capital Goods,Stage 3,4.86,1.8,5113158839.35,Stage 3,watchlist,weekly_watchlist,watchlist,25.92,14.67,20.86,10.0,30.86
HAPPSTMNDS.NS,Happiest Minds Technologies Ltd.,Information Technology,Stage 3,-6.16,-19.29,3222757420.74,Stage 3,watchlist,weekly_watchlist,watchlist,38.0,22.0,30.8,0.0,30.8
EIDPARRY.NS,E.I.D. Parry (India) Ltd.,Fast Moving Consumer Goods,Stage 4,-13.3,-16.93,193608848.65,"Stage 4, weekly_vcp_ok",watchlist,weekly_watchlist,watchlist,26.91,31.0,28.75,2.0,30.75
TRENT.NS,Trent Ltd.,Consumer Services,Stage 4,-7.21,-23.3,3020798924.85,"Stage 4, weekly_vcp_ok, weekly_strong",watchlist,weekly_watchlist,watchlist,16.06,48.0,30.43,0.0,30.43
BANKINDIA.NS,Bank of India,Financial Services,Stage 3,16.32,30.94,1539756718.19,"Stage 3, weekly_vcp_ok, volume_dryup",watchlist,weekly_watchlist,watchlist,16.96,35.73,25.41,5.0,30.41
ABREL.NS,Aditya Birla Real Estate Ltd.,Forest Materials,Stage 4,-21.72,-30.6,292535770.82,"Stage 4, weekly_vcp_ok, weekly_strong",watchlist,weekly_watchlist,watchlist,22.0,40.67,30.4,0.0,30.4
INTELLECT.NS,Intellect Design Arena Ltd.,Information Technology,Stage 4,-24.56,-30.49,315780913.15,"Stage 4, weekly_vcp_ok, weekly_strong",watchlist,weekly_watchlist,watchlist,22.0,40.67,30.4,0.0,30.4
PATANJALI.NS,Patanjali Foods Ltd.,Fast Moving Consumer Goods,Stage 4,-2.1,-11.09,854182775.42,"Stage 4, weekly_vcp_ok, volume_dryup",watchlist,weekly_watchlist,watchlist,26.0,31.0,28.25,2.0,30.25
JKCEMENT.NS,J.K. Cement Ltd.,Construction Materials,Stage 4,3.69,-15.79,384283512.05,"Stage 4, daily_vcp_ok, weekly_vcp_ok",watchlist,weekly_watchlist,watchlist,29.39,31.0,30.11,0.0,30.11
SOLARINDS.NS,Solar Industries India Ltd.,Chemicals,Stage 4,11.93,-4.9,3151015173.3,"Stage 4, daily_vcp_ok, weekly_vcp_ok",watchlist,weekly_watchlist,watchlist,28.78,31.7,30.09,0.0,30.09
IOB.NS,Indian Overseas Bank,Financial Services,Stage 4,8.04,-8.96,275381019.49,"Stage 4, daily_vcp_ok",watchlist,weekly_watchlist,watchlist,28.0,21.33,25.0,5.0,30.0
ERIS.NS,Eris Lifesciences Ltd.,Healthcare,Stage 4,-5.6,-12.31,90415568.65,Stage 4,watchlist,weekly_watchlist,watchlist,24.89,14.0,19.99,10.0,29.99
TATASTEEL.NS,Tata Steel Ltd.,Metals & Mining,Stage 3,24.09,20.85,7221610370.44,Stage 3,watchlist,weekly_watchlist,watchlist,21.16,18.49,19.96,10.0,29.96
JSWSTEEL.NS,JSW Steel Ltd.,Metals & Mining,Stage 1,15.82,11.03,2166107800.7,Stage 1,watchlist,weekly_watchlist,watchlist,19.21,20.68,19.87,10.0,29.87
LODHA.NS,Lodha Developers Ltd.,Realty,Stage 4,-20.46,-30.55,1893299478.66,"Stage 4, weekly_vcp_ok, weekly_strong",watchlist,weekly_watchlist,watchlist,21.0,40.67,29.85,0.0,29.85
CAMS.NS,Computer Age Management Services Ltd.,Financial Services,Stage 4,-3.12,-10.22,1137632662.95,Stage 4,watchlist,weekly_watchlist,watchlist,27.62,21.33,24.79,5.0,29.79
DBREALTY.NS,Valor Estate Ltd.,Consumer Services,Stage 4,-12.46,-38.65,189352136.04,Stage 4,watchlist,weekly_watchlist,watchlist,36.63,21.33,29.75,0.0,29.75
JBMA.NS,JBM Auto Ltd.,Automobile and Auto Components,Stage 3,11.46,-13.32,2715954318.85,Stage 3,watchlist,weekly_watchlist,watchlist,21.0,29.33,24.75,5.0,29.75
CRAFTSMAN.NS,Craftsman Automation Ltd.,Automobile and Auto Components,Stage 3,9.51,10.51,321296810.5,"Stage 3, weekly_vcp_ok",watchlist,weekly_watchlist,watchlist,18.0,33.0,24.75,5.0,29.75
HINDPETRO.NS,Hindustan Petroleum Corporation Ltd.,Oil Gas & Consumable Fuels,Stage 3,-16.65,-8.02,4192103468.44,Stage 3,watchlist,weekly_watchlist,watchlist,18.42,21.33,19.73,10.0,29.73
SUMICHEM.NS,Sumitomo Chemical India Ltd.,Chemicals,Stage 4,-5.14,-25.34,104819937.43,"Stage 4, weekly_vcp_ok",watchlist,weekly_watchlist,watchlist,28.51,31.0,29.63,0.0,29.63
BDL.NS,Bharat Dynamics Ltd.,Capital Goods,Stage 4,-5.23,-18.08,2120598242.82,"Stage 4, volume_dryup",watchlist,weekly_watchlist,watchlist,18.07,21.33,19.54,10.0,29.54
INDUSTOWER.NS,Indus Towers Ltd.,Telecommunication,Stage 3,16.06,30.12,1778612488.45,"Stage 3, volume_dryup",watchlist,weekly_watchlist,watchlist,28.69,25.95,27.46,2.0,29.46
NIACL.NS,The New India Assurance Company Ltd.,Financial Services,Stage 4,-5.92,-27.76,66776683.68,"Stage 4, daily_vcp_ok",watchlist,weekly_watchlist,watchlist,33.0,14.0,24.45,5.0,29.45
WELSPUNLIV.NS,Welspun Living Ltd.,Textiles,Stage 4,-4.97,1.18,242564214.29,"Stage 4, weekly_vcp_ok, volume_dryup",watchlist,weekly_watchlist,watchlist,19.0,31.0,24.4,5.0,29.4
APTUS.NS,Aptus Value Housing Finance India Ltd.,Financial Services,Stage 4,-16.6,-28.02,449158525.43,Stage 4,watchlist,weekly_watchlist,watchlist,32.88,14.0,24.38,5.0,29.38
PGHH.NS,Procter & Gamble Hygiene & Health Care Ltd.,Fast Moving Consumer Goods,Stage 4,-13.09,-20.41,169671841.85,"Stage 4, daily_vcp_ok",watchlist,weekly_watchlist,watchlist,38.18,14.0,27.3,2.0,29.3
NAM-INDIA.NS,Nippon Life India Asset Management Ltd.,Financial Services,Stage 3,6.74,11.32,527970526.32,"Stage 3, volume_dryup",watchlist,weekly_watchlist,watchlist,31.16,15.81,24.25,5.0,29.25
HONASA.NS,Honasa Consumer Ltd.,Fast Moving Consumer Goods,Stage 3,20.47,5.19,179999162.08,"Stage 3, volume_dryup",watchlist,weekly_watchlist,watchlist,23.18,31.9,27.1,2.0,29.1
JSL.NS,Jindal Stainless Ltd.,Metals & Mining,Stage 3,2.55,0.75,731508627.43,Stage 3,watchlist,weekly_watchlist,watchlist,22.76,14.33,18.97,10.0,28.97
TEJASNET.NS,Tejas Networks Ltd.,Telecommunication,Stage 3,5.14,-20.32,15569754499.07,"Stage 3, volume_dryup",watchlist,weekly_watchlist,watchlist,31.28,21.33,26.8,2.0,28.8
ENGINERSIN.NS,Engineers India Ltd.,Construction,Stage 4,6.88,0.85,763841671.25,"Stage 4, weekly_vcp_ok, volume_dryup",watchlist,weekly_watchlist,watchlist,26.27,31.77,28.75,0.0,28.75
KOTAKBANK.NS,Kotak Mahindra Bank Ltd.,Financial Services,Stage 4,-2.73,0.26,7365016040.22,"Stage 4, daily_vcp_ok",watchlist,weekly_watchlist,watchlist,25.59,21.33,23.67,5.0,28.67
PETRONET.NS,Petronet LNG Ltd.,Oil Gas & Consumable Fuels,Stage 3,-0.97,-0.53,2147568985.97,Stage 3,watchlist,weekly_watchlist,watchlist,22.3,14.0,18.57,10.0,28.57
MAHABANK.NS,Bank of Maharashtra,Financial Services,Stage 3,24.85,22.79,1899307181.68,"Stage 3, daily_vcp_ok",watchlist,weekly_watchlist,watchlist,34.93,9.56,23.51,5.0,28.51
RAINBOW.NS,Rainbow Childrens Medicare Ltd.,Healthcare,Stage 4,-3.08,-9.57,148478828.19,Stage 4,watchlist,weekly_watchlist,watchlist,15.62,22.0,18.49,10.0,28.49
BLUEJET.NS,Blue Jet Healthcare Ltd.,Healthcare,Stage 4,-24.17,-38.4,367869178.32,Stage 4,watchlist,weekly_watchlist,watchlist,22.8,13.2,18.48,10.0,28.48
SUZLON.NS,Suzlon Energy Ltd.,Capital Goods,Stage 4,-11.01,-21.99,3051811674.59,Stage 4,watchlist,weekly_watchlist,watchlist,16.14,21.33,18.48,10.0,28.48
SHREECEM.NS,Shree Cement Ltd.,Construction Materials,Stage 4,2.37,-11.72,811418015.25,"Stage 4, daily_vcp_ok, weekly_vcp_ok",watchlist,weekly_watchlist,watchlist,26.28,31.0,28.4,0.0,28.4
VEDL.NS,Vedanta Ltd.,Metals & Mining,Stage 3,23.57,51.66,10436636639.43,Stage 3,watchlist,weekly_watchlist,watchlist,22.36,13.52,18.38,10.0,28.38
HOMEFIRST.NS,Home First Finance Company India Ltd.,Financial Services,Stage 4,-5.01,-17.02,920554055.26,"Stage 4, volume_dryup",watchlist,weekly_watchlist,watchlist,25.02,21.33,23.36,5.0,28.36
KPRMILL.NS,K.P.R. Mill Ltd.,Textiles,Stage 4,0.48,-16.7,580533441.6,Stage 4,watchlist,weekly_watchlist,watchlist,25.0,21.33,23.35,5.0,28.35
ALOKINDS.NS,Alok Industries Ltd.,Textiles,Stage 4,-12.59,-22.01,63075529.01,"Stage 4, weekly_vcp_ok",watchlist,weekly_watchlist,watchlist,16.73,31.0,23.15,5.0,28.15
INFY.NS,Infosys Ltd.,Information Technology,Stage 4,-10.92,-3.91,16854361756.01,"Stage 4, weekly_vcp_ok",watchlist,weekly_watchlist,watchlist,25.75,31.0,28.11,0.0,28.11
INDIANB.NS,Indian Bank,Financial Services,Stage 3,23.72,33.22,1647568441.28,Stage 3,watchlist,weekly_watchlist,watchlist,30.27,14.09,22.99,5.0,27.99
OFSS.NS,Oracle Financial Services Software Ltd.,Information Technology,Stage 4,-3.04,-16.4,1019545812.45,"Stage 4, weekly_vcp_ok",watchlist,weekly_watchlist,watchlist,25.3,31.0,27.87,0.0,27.87
KAYNES.NS,Kaynes Technology India Ltd.,Capital Goods,Stage 4,-2.67,-40.85,4409792833.07,Stage 4,watchlist,weekly_watchlist,watchlist,14.94,21.33,17.82,10.0,27.82
BLS.NS,BLS International Services Ltd.,Consumer Services,Stage 4,-6.53,-18.1,1411219731.05,Stage 4,watchlist,weekly_watchlist,watchlist,33.0,21.33,27.75,0.0,27.75
KAJARIACER.NS,Kajaria Ceramics Ltd.,Consumer Durables,Stage 4,1.33,-14.76,306182744.8,"Stage 4, weekly_vcp_ok",watchlist,weekly_watchlist,watchlist,25.0,31.0,27.7,0.0,27.7
ICICIPRULI.NS,ICICI Prudential Life Insurance Company Ltd.,Financial Services,Stage 3,-4.97,-2.28,638603005.79,"Stage 3, weekly_vcp_ok",watchlist,weekly_watchlist,watchlist,15.64,31.0,22.55,5.0,27.55
VOLTAS.NS,Voltas Ltd.,Consumer Durables,Stage 1,6.43,4.15,1481458058.06,Stage 1,watchlist,weekly_watchlist,watchlist,28.36,26.39,27.47,0.0,27.47
NBCC.NS,NBCC (India) Ltd.,Construction,Stage 4,-17.06,-19.04,1002109108.98,"Stage 4, weekly_vcp_ok, weekly_strong",watchlist,weekly_watchlist,watchlist,16.61,40.67,27.44,0.0,27.44
CANBK.NS,Canara Bank,Financial Services,Stage 3,1.09,21.55,3643092586.72,"Stage 3, weekly_vcp_ok",watchlist,weekly_watchlist,watchlist,13.44,33.26,22.36,5.0,27.36
RBLBANK.NS,RBL Bank Ltd.,Financial Services,Stage 3,10.15,19.51,1323213634.76,"Stage 3, volume_dryup",watchlist,weekly_watchlist,watchlist,32.28,10.17,22.33,5.0,27.33
TATAELXSI.NS,Tata Elxsi Ltd.,Information Technology,Stage 4,-10.55,-15.91,1532952803.84,"Stage 4, weekly_vcp_ok, weekly_strong",watchlist,weekly_watchlist,watchlist,10.38,48.0,27.31,0.0,27.31
OLAELEC.NS,Ola Electric Mobility Ltd.,Automobile and Auto Components,Stage 4,-20.64,-50.39,1403358043.65,"Stage 4, weekly_vcp_ok",watchlist,weekly_watchlist,watchlist,15.02,31.0,22.21,5.0,27.21
EIHOTEL.NS,EIH Ltd.,Consumer Services,Stage 4,-5.25,-13.59,221509455.77,"Stage 4, volume_dryup",watchlist,weekly_watchlist,watchlist,32.0,21.33,27.2,0.0,27.2
KARURVYSYA.NS,Karur Vysya Bank Ltd.,Financial Services,Stage 3,21.0,37.46,966861083.15,"Stage 3, daily_vcp_ok, volume_dryup",watchlist,weekly_watchlist,watchlist,35.57,5.85,22.2,5.0,27.2
HEROMOTOCO.NS,Hero MotoCorp Ltd.,Automobile and Auto Components,Stage 3,5.69,8.17,2733803063.5,"Stage 3, daily_vcp_ok",watchlist,weekly_watchlist,watchlist,29.39,13.39,22.19,5.0,27.19
PVRINOX.NS,PVR INOX Ltd.,Media Entertainment & Publication,Stage 1,2.91,-5.66,374137418.47,Stage 1,watchlist,weekly_watchlist,watchlist,31.0,18.0,25.15,2.0,27.15
ZENSARTECH.NS,Zensar Technolgies Ltd.,Information Technology,Stage 4,-13.68,-23.02,262984896.33,"Stage 4, volume_dryup",watchlist,weekly_watchlist,watchlist,31.86,21.33,27.12,0.0,27.12
JUBLINGREA.NS,Jubilant Ingrevia Ltd.,Chemicals,Stage 4,-7.75,-6.54,147677863.15,"Stage 4, weekly_vcp_ok, weekly_strong",watchlist,weekly_watchlist,watchlist,16.0,40.67,27.1,0.0,27.1
RCF.NS,Rashtriya Chemicals & Fertilizers Ltd.,Chemicals,Stage 4,-7.0,-14.17,839008445.44,"Stage 4, weekly_vcp_ok, weekly_strong",watchlist,weekly_watchlist,watchlist,16.0,40.67,27.1,0.0,27.1
ANANTRAJ.NS,Anant Raj Ltd.,Realty,Stage 3,-7.06,-24.16,853513294.41,"Stage 3, daily_vcp_ok, volume_dryup",watchlist,weekly_watchlist,watchlist,31.42,21.33,26.88,0.0,26.88
HDFCAMC.NS,HDFC Asset Management Company Ltd.,Financial Services,Stage 3,-0.74,-9.76,2527338317.03,"Stage 3, weekly_vcp_ok",watchlist,weekly_watchlist,watchlist,16.0,29.0,21.85,5.0,26.85
MMTC.NS,MMTC Ltd.,Services,Stage 4,11.56,-10.55,569466723.93,Stage 4,watchlist,weekly_watchlist,watchlist,28.1,14.1,21.8,5.0,26.8
UNOMINDA.NS,UNO Minda Ltd.,Automobile and Auto Components,Stage 3,-4.83,-8.79,1131389933.6,Stage 3,watchlist,weekly_watchlist,watchlist,28.0,14.0,21.7,5.0,26.7
FSL.NS,Firstsource Solutions Ltd.,Services,Stage 4,-25.41,-30.03,400942719.41,Stage 4,watchlist,weekly_watchlist,watchlist,22.0,21.33,21.7,5.0,26.7
OBEROIRLTY.NS,Oberoi Realty Ltd.,Realty,Stage 4,-0.58,-3.99,888382738.08,"Stage 4, weekly_vcp_ok",watchlist,weekly_watchlist,watchlist,16.0,39.0,26.35,0.0,26.35
FIVESTAR.NS,Five-Star Business Finance Ltd.,Financial Services,Stage 4,-22.89,-22.41,468918512.78,Stage 4,watchlist,weekly_watchlist,watchlist,27.37,14.0,21.35,5.0,26.35
CIPLA.NS,Cipla Ltd.,Healthcare,Stage 4,-6.29,-11.4,1987485002.17,"Stage 4, volume_dryup",watchlist,weekly_watchlist,watchlist,18.03,14.0,16.22,10.0,26.22
UTIAMC.NS,UTI Asset Management Company Ltd.,Financial Services,Stage 4,-5.47,-24.11,81170069.77,"Stage 4, volume_dryup",watchlist,weekly_watchlist,watchlist,27.07,14.0,21.19,5.0,26.19
INDIGO.NS,InterGlobe Aviation Ltd.,Services,Stage 4,-7.06,-18.25,8496984178.15,Stage 4,watchlist,weekly_watchlist,watchlist,27.0,14.0,21.15,5.0,26.15
LATENTVIEW.NS,Latent View Analytics Ltd.,Information Technology,Stage 3,-31.15,-27.34,230021542.65,"Stage 3, weekly_vcp_ok",watchlist,weekly_watchlist,watchlist,22.16,31.0,26.14,0.0,26.14
MRF.NS,MRF Ltd.,Automobile and Auto Components,Stage 3,-4.6,-5.2,1095370247.75,Stage 3,watchlist,weekly_watchlist,watchlist,26.99,14.0,21.14,5.0,26.14
BLUESTARCO.NS,Blue Star Ltd.,Consumer Durables,Stage 1,6.77,-7.04,1002311728.51,Stage 1,watchlist,weekly_watchlist,watchlist,26.74,25.33,26.11,0.0,26.11
SWANCORP.NS,Swan Corp Ltd.,Chemicals,Stage 4,-17.28,-23.93,487213205.41,Stage 4,watchlist,weekly_watchlist,watchlist,30.0,21.33,26.1,0.0,26.1
DIXON.NS,Dixon Technologies (India) Ltd.,Consumer Durables,Stage 4,-8.26,-34.2,7941498311.65,"Stage 4, weekly_vcp_ok",watchlist,weekly_watchlist,watchlist,22.0,31.0,26.05,0.0,26.05
NUVOCO.NS,Nuvoco Vistas Corporation Ltd.,Construction Materials,Stage 4,-7.7,-25.72,116409723.67,"Stage 4, weekly_vcp_ok",watchlist,weekly_watchlist,watchlist,22.0,31.0,26.05,0.0,26.05
TITAGARH.NS,Titagarh Rail Systems Ltd.,Capital Goods,Stage 4,-13.92,-24.47,435913136.01,Stage 4,watchlist,weekly_watchlist,watchlist,17.7,14.0,16.04,10.0,26.04
ECLERX.NS,eClerx Services Ltd.,Services,Stage 3,-26.47,-21.92,409004385.38,"Stage 3, volume_dryup",watchlist,weekly_watchlist,watchlist,26.74,14.0,21.01,5.0,26.01
TATACHEM.NS,Tata Chemicals Ltd.,Chemicals,Stage 4,-9.25,-28.03,317761240.51,Stage 4,watchlist,weekly_watchlist,watchlist,35.59,14.0,25.87,0.0,25.87
UNIONBANK.NS,Union Bank of India,Financial Services,Stage 3,26.54,34.76,3124421431.11,"Stage 3, volume_dryup",watchlist,weekly_watchlist,watchlist,25.06,15.73,20.86,5.0,25.86
BASF.NS,BASF India Ltd.,Chemicals,Stage 4,-2.49,-18.57,73501755.84,Stage 4,watchlist,weekly_watchlist,watchlist,29.09,21.33,25.6,0.0,25.6
POLICYBZR.NS,PB Fintech Ltd.,Financial Services,Stage 4,-9.9,-9.71,2258354106.38,"Stage 4, volume_dryup",watchlist,weekly_watchlist,watchlist,26.0,14.0,20.6,5.0,25.6
ALKYLAMINE.NS,Alkyl Amines Chemicals Ltd.,Chemicals,Stage 4,0.24,-20.71,249826147.45,"Stage 4, weekly_vcp_ok",watchlist,weekly_watchlist,watchlist,21.0,31.0,25.5,0.0,25.5
ULTRACEMCO.NS,UltraTech Cement Ltd.,Construction Materials,Stage 1,4.63,-5.38,4408408611.95,"Stage 1, weekly_vcp_ok",watchlist,weekly_watchlist,watchlist,17.63,35.0,25.45,0.0,25.45
UCOBANK.NS,UCO Bank,Financial Services,Stage 4,-4.4,-12.36,263061602.04,"Stage 4, daily_vcp_ok",watchlist,weekly_watchlist,watchlist,25.56,14.0,20.36,5.0,25.36
TRIDENT.NS,Trident Ltd.,Textiles,Stage 4,6.12,-6.74,394479216.45,Stage 4,watchlist,weekly_watchlist,watchlist,19.4,21.33,20.27,5.0,25.27
IDEA.NS,Vodafone Idea Ltd.,Telecommunication,Stage 3,-13.61,15.37,4717829578.99,"Stage 3, weekly_vcp_ok",watchlist,weekly_watchlist,watchlist,16.51,31.18,23.11,2.0,25.11
EXIDEIND.NS,Exide Industries Ltd.,Automobile and Auto Components,Stage 4,-6.88,-16.55,456094804.63,Stage 4,watchlist,weekly_watchlist,watchlist,25.0,14.0,20.05,5.0,25.05
PRESTIGE.NS,Prestige Estates Projects Ltd.,Realty,Stage 4,-12.67,-16.18,1071034585.44,Stage 4,watchlist,weekly_watchlist,watchlist,28.0,21.33,25.0,0.0,25.0
HUDCO.NS,Housing & Urban Development Corporation Ltd.,Financial Services,Stage 4,-8.79,-19.26,609738869.47,"Stage 4, volume_dryup",watchlist,weekly_watchlist,watchlist,24.68,14.0,19.87,5.0,24.87
HDFCBANK.NS,HDFC Bank Ltd.,Financial Services,Stage 4,-10.79,-11.14,42208027574.9,Stage 4,watchlist,weekly_watchlist,watchlist,32.11,4.8,19.82,5.0,24.82
ACC.NS,ACC Ltd.,Construction Materials,Stage 4,-11.48,-19.57,341832470.21,"Stage 4, daily_vcp_ok",watchlist,weekly_watchlist,watchlist,33.44,14.0,24.69,0.0,24.69
MARICO.NS,Marico Ltd.,Fast Moving Consumer Goods,Stage 1,12.69,12.64,1299126392.21,Stage 1,watchlist,weekly_watchlist,watchlist,25.43,19.33,22.69,2.0,24.69
BOSCHLTD.NS,Bosch Ltd.,Automobile and Auto Components,Stage 1,-4.69,-14.45,790507367.75,Stage 1,watchlist,weekly_watchlist,watchlist,20.73,18.0,19.5,5.0,24.5
BAJAJFINSV.NS,Bajaj Finserv Ltd.,Financial Services,Stage 3,-4.31,-8.11,2677758086.8,Stage 3,watchlist,weekly_watchlist,watchlist,23.95,14.0,19.47,5.0,24.47
TVSMOTOR.NS,TVS Motor Company Ltd.,Automobile and Auto Components,Stage 3,6.85,8.23,3943413474.28,Stage 3,watchlist,weekly_watchlist,watchlist,22.65,15.51,19.44,5.0,24.44
BSOFT.NS,Birlasoft Ltd.,Information Technology,Stage 3,-11.53,3.21,592336283.92,"Stage 3, weekly_vcp_ok, volume_dryup",watchlist,weekly_watchlist,watchlist,18.89,31.0,24.34,0.0,24.34
BIKAJI.NS,Bikaji Foods International Ltd.,Fast Moving Consumer Goods,Stage 4,-5.0,-10.77,87708769.57,Stage 4,watchlist,weekly_watchlist,watchlist,16.56,29.33,22.31,2.0,24.31
TECHNOE.NS,Techno Electric & Engineering Company Ltd.,Construction,Stage 4,6.26,-16.98,261010219.38,"Stage 4, daily_vcp_ok",watchlist,weekly_watchlist,watchlist,32.55,14.0,24.2,0.0,24.2
PCBL.NS,PCBL Chemical Ltd.,Chemicals,Stage 4,-11.94,-31.68,313923039.13,"Stage 4, volume_dryup",watchlist,weekly_watchlist,watchlist,32.5,14.0,24.18,0.0,24.18
MARUTI.NS,Maruti Suzuki India Ltd.,Automobile and Auto Components,Stage 1,-12.39,-11.66,7999214465.8,Stage 1,watchlist,weekly_watchlist,watchlist,19.83,18.0,19.01,5.0,24.01
CHOLAFIN.NS,Cholamandalam Investment and Finance Company Ltd.,Financial Services,Stage 3,-2.95,-3.35,3440543359.15,Stage 3,watchlist,weekly_watchlist,watchlist,17.01,21.33,18.95,5.0,23.95
TATACOMM.NS,Tata Communications Ltd.,Telecommunication,Stage 4,-9.09,-5.32,506788540.86,Stage 4,watchlist,weekly_watchlist,watchlist,22.44,21.33,21.94,2.0,23.94
KALYANKJIL.NS,Kalyan Jewellers India Ltd.,Consumer Durables,Stage 4,-11.43,-16.9,1157897424.82,"Stage 4, volume_dryup",watchlist,weekly_watchlist,watchlist,26.0,21.33,23.9,0.0,23.9
ICICIGI.NS,ICICI Lombard General Insurance Company Ltd.,Financial Services,Stage 1,0.72,1.55,1098465821.7,Stage 1,watchlist,weekly_watchlist,watchlist,19.23,18.23,18.78,5.0,23.78
DCMSHRIRAM.NS,DCM Shriram Ltd.,Diversified,Stage 4,-0.81,-4.43,76385955.94,Stage 4,watchlist,weekly_watchlist,watchlist,22.0,21.33,21.7,2.0,23.7
ITI.NS,ITI Ltd.,Telecommunication,Stage 4,-5.04,-11.25,2388117149.11,Stage 4,watchlist,weekly_watchlist,watchlist,22.0,21.33,21.7,2.0,23.7
ABFRL.NS,Aditya Birla Fashion and Retail Ltd.,Consumer Services,Stage 3,-13.62,-28.28,323884641.28,Stage 3,watchlist,weekly_watchlist,watchlist,25.34,21.33,23.54,0.0,23.54
JMFINANCIL.NS,JM Financial Ltd.,Financial Services,Stage 3,-4.42,-19.44,379860389.33,Stage 3,watchlist,weekly_watchlist,watchlist,22.0,14.0,18.4,5.0,23.4
GODFRYPHLP.NS,Godfrey Phillips India Ltd.,Fast Moving Consumer Goods,Stage 4,-20.98,-35.2,1289970111.71,"Stage 4, volume_dryup",watchlist,weekly_watchlist,watchlist,27.12,14.0,21.22,2.0,23.22
DLF.NS,DLF Ltd.,Realty,Stage 4,-12.5,-23.13,2859133983.99,"Stage 4, weekly_vcp_ok",watchlist,weekly_watchlist,watchlist,16.74,31.0,23.16,0.0,23.16
CANFINHOME.NS,Can Fin Homes Ltd.,Financial Services,Stage 3,1.96,18.17,134772754.05,Stage 3,watchlist,weekly_watchlist,watchlist,29.41,4.41,18.16,5.0,23.16
CLEAN.NS,Clean Science and Technology Ltd.,Chemicals,Stage 4,-10.0,-28.94,186379533.71,"Stage 4, volume_dryup",watchlist,weekly_watchlist,watchlist,30.09,14.0,22.85,0.0,22.85
IKS.NS,Inventurus Knowledge Solutions Ltd.,Information Technology,Stage 4,-10.11,-3.87,404781620.7,Stage 4,watchlist,weekly_watchlist,watchlist,24.09,21.33,22.85,0.0,22.85
AXISBANK.NS,Axis Bank Ltd.,Financial Services,Stage 1,9.82,13.75,9396495717.59,Stage 1,watchlist,weekly_watchlist,watchlist,15.73,20.36,17.81,5.0,22.81
AFCONS.NS,Afcons Infrastructure Ltd.,Construction,Stage 4,-15.19,-30.14,175270507.25,"Stage 4, weekly_vcp_ok",watchlist,weekly_watchlist,watchlist,16.0,31.0,22.75,0.0,22.75
ABCAPITAL.NS,Aditya Birla Capital Ltd.,Financial Services,Stage 3,-0.35,14.48,3452729037.31,"Stage 3, daily_vcp_ok, volume_dryup",watchlist,weekly_watchlist,watchlist,27.04,6.21,17.67,5.0,22.67
SIGNATURE.NS,Signatureglobal (India) Ltd.,Realty,Stage 4,-22.5,-23.51,343378814.33,"Stage 4, volume_dryup",watchlist,weekly_watchlist,watchlist,29.57,14.0,22.56,0.0,22.56
EICHERMOT.NS,Eicher Motors Ltd.,Automobile and Auto Components,Stage 3,6.54,8.45,4483889226.18,"Stage 3, daily_vcp_ok",watchlist,weekly_watchlist,watchlist,27.89,3.9,17.09,5.0,22.09
UBL.NS,United Breweries Ltd.,Fast Moving Consumer Goods,Stage 3,10.2,-1.23,362273833.74,Stage 3,watchlist,weekly_watchlist,watchlist,18.27,22.23,20.05,2.0,22.05
MOTHERSON.NS,Samvardhana Motherson International Ltd.,Automobile and Auto Components,Stage 3,4.88,10.61,2349654369.74,Stage 3,watchlist,weekly_watchlist,watchlist,26.58,5.15,16.94,5.0,21.94
INDHOTEL.NS,Indian Hotels Co. Ltd.,Consumer Services,Stage 4,-5.73,-11.96,1808953931.64,Stage 4,watchlist,weekly_watchlist,watchlist,28.41,14.0,21.93,0.0,21.93
FEDERALBNK.NS,Federal Bank Ltd.,Financial Services,Stage 3,11.34,44.15,2547069953.76,Stage 3,watchlist,weekly_watchlist,watchlist,17.09,16.35,16.76,5.0,21.76
JUBLFOOD.NS,Jubilant Foodworks Ltd.,Consumer Services,Stage 4,-8.34,-18.44,1174301196.3,"Stage 4, daily_vcp_ok",watchlist,weekly_watchlist,watchlist,22.07,21.33,21.74,0.0,21.74
IRFC.NS,Indian Railway Finance Corporation Ltd.,Financial Services,Stage 4,-10.23,-16.83,1957264146.59,Stage 4,watchlist,weekly_watchlist,watchlist,18.97,14.0,16.73,5.0,21.73
BAJAJ-AUTO.NS,Bajaj Auto Ltd.,Automobile and Auto Components,Stage 1,10.25,7.81,3273063179.38,Stage 1,watchlist,weekly_watchlist,watchlist,25.57,5.81,16.68,5.0,21.68
KPITTECH.NS,KPIT Technologies Ltd.,Information Technology,Stage 4,-33.36,-37.67,1718240507.18,Stage 4,watchlist,weekly_watchlist,watchlist,21.75,21.33,21.56,0.0,21.56
PHOENIXLTD.NS,Phoenix Mills Ltd.,Realty,Stage 1,-6.14,1.78,799907859.93,Stage 1,watchlist,weekly_watchlist,watchlist,18.25,25.33,21.44,0.0,21.44
ICICIBANK.NS,ICICI Bank Ltd.,Financial Services,Stage 4,4.25,-1.19,24034993253.49,"Stage 4, daily_vcp_ok",watchlist,weekly_watchlist,watchlist,26.59,3.91,16.38,5.0,21.38
NEWGEN.NS,Newgen Software Technologies Ltd.,Information Technology,Stage 4,-36.77,-42.25,1458659957.26,"Stage 4, volume_dryup",watchlist,weekly_watchlist,watchlist,29.0,12.0,21.35,0.0,21.35
COLPAL.NS,Colgate Palmolive (India) Ltd.,Fast Moving Consumer Goods,Stage 4,1.59,-9.54,964489982.13,"Stage 4, weekly_vcp_ok",watchlist,weekly_watchlist,watchlist,9.62,31.0,19.24,2.0,21.24
PERSISTENT.NS,Persistent Systems Ltd.,Information Technology,Stage 3,-11.55,3.09,4230676528.01,"Stage 3, daily_vcp_ok",watchlist,weekly_watchlist,watchlist,27.79,13.2,21.22,0.0,21.22
SRF.NS,SRF Ltd.,Chemicals,Stage 4,-7.97,-5.49,1547792149.05,Stage 4,watchlist,weekly_watchlist,watchlist,21.0,21.33,21.15,0.0,21.15
NYKAA.NS,FSN E-Commerce Ventures Ltd.,Consumer Services,Stage 3,5.92,8.56,1128005700.76,Stage 3,watchlist,weekly_watchlist,watchlist,19.8,22.78,21.14,0.0,21.14
3MINDIA.NS,3M India Ltd.,Diversified,Stage 1,1.52,15.03,141762553.5,Stage 1,watchlist,weekly_watchlist,watchlist,18.66,19.66,19.11,2.0,21.11
LTF.NS,L&T Finance Ltd.,Financial Services,Stage 3,-3.59,12.24,2737316599.37,"Stage 3, volume_dryup",watchlist,weekly_watchlist,watchlist,28.54,0.86,16.08,5.0,21.08
EMAMILTD.NS,Emami Ltd.,Fast Moving Consumer Goods,Stage 4,-9.41,-19.96,273735225.37,"Stage 4, weekly_vcp_ok",watchlist,weekly_watchlist,watchlist,9.0,31.0,18.9,2.0,20.9
AAVAS.NS,Aavas Financiers Ltd.,Financial Services,Stage 4,-12.41,-24.12,311653496.66,Stage 4,watchlist,weekly_watchlist,watchlist,21.99,8.4,15.87,5.0,20.87
GODREJPROP.NS,Godrej Properties Ltd.,Realty,Stage 4,-11.26,-17.24,2251935499.3,"Stage 4, volume_dryup",watchlist,weekly_watchlist,watchlist,20.0,21.33,20.6,0.0,20.6
TBOTEK.NS,TBO Tek Ltd.,Consumer Services,Stage 3,-25.35,-25.8,159084966.38,Stage 3,watchlist,weekly_watchlist,watchlist,25.96,14.0,20.58,0.0,20.58
HCLTECH.NS,HCL Technologies Ltd.,Information Technology,Stage 4,-5.2,6.37,4780073539.05,Stage 4,watchlist,weekly_watchlist,watchlist,26.07,13.32,20.33,0.0,20.33
ASAHIINDIA.NS,Asahi India Glass Ltd.,Automobile and Auto Components,Stage 3,-5.11,1.38,632165122.8,Stage 3,watchlist,weekly_watchlist,watchlist,16.0,14.0,15.1,5.0,20.1
HAVELLS.NS,Havells India Ltd.,Consumer Durables,Stage 4,-0.78,-12.18,1127750529.51,Stage 4,watchlist,weekly_watchlist,watchlist,25.0,14.0,20.05,0.0,20.05
M&MFIN.NS,Mahindra & Mahindra Financial Services Ltd.,Financial Services,Stage 3,-8.26,15.03,559747971.99,Stage 3,watchlist,weekly_watchlist,watchlist,17.76,11.48,14.93,5.0,19.93
DEEPAKFERT.NS,Deepak Fertilisers & Petrochemicals Corp. Ltd.,Chemicals,Stage 4,-13.99,-27.1,285651341.55,Stage 4,watchlist,weekly_watchlist,watchlist,24.63,14.0,19.85,0.0,19.85
TCS.NS,Tata Consultancy Services Ltd.,Information Technology,Stage 4,-13.76,-10.71,9252914940.07,"Stage 4, daily_vcp_ok",watchlist,weekly_watchlist,watchlist,35.72,0.0,19.65,0.0,19.65
INDUSINDBK.NS,IndusInd Bank Ltd.,Financial Services,Stage 3,6.26,18.11,3710540376.82,Stage 3,watchlist,weekly_watchlist,watchlist,12.79,16.44,14.43,5.0,19.43
JKTYRE.NS,JK Tyre & Industries Ltd.,Automobile and Auto Components,Stage 3,-9.54,14.74,800398353.88,"Stage 3, volume_dryup",watchlist,weekly_watchlist,watchlist,14.14,14.52,14.31,5.0,19.31
AMBER.NS,Amber Enterprises India Ltd.,Consumer Durables,Stage 1,9.41,-12.83,2430188037.93,Stage 1,watchlist,weekly_watchlist,watchlist,19.98,18.0,19.09,0.0,19.09
DEVYANI.NS,Devyani International Ltd.,Consumer Services,Stage 4,-15.62,-32.25,292995365.66,Stage 4,watchlist,weekly_watchlist,watchlist,17.2,21.33,19.06,0.0,19.06
M&M.NS,Mahindra & Mahindra Ltd.,Automobile and Auto Components,Stage 1,-3.92,-5.91,11901532262.03,Stage 1,watchlist,weekly_watchlist,watchlist,20.26,6.4,14.02,5.0,19.02
RITES.NS,RITES Ltd.,Construction,Stage 4,-8.91,-17.95,118731427.52,Stage 4,watchlist,weekly_watchlist,watchlist,17.02,21.33,18.96,0.0,18.96
LT.NS,Larsen & Toubro Ltd.,Construction,Stage 1,-0.9,6.03,17892725354.59,Stage 1,watchlist,weekly_watchlist,watchlist,18.76,18.51,18.65,0.0,18.65
AFFLE.NS,Affle 3i Ltd.,Information Technology,Stage 4,-13.76,-29.77,478442756.99,Stage 4,watchlist,weekly_watchlist,watchlist,22.33,14.0,18.58,0.0,18.58
LEMONTREE.NS,Lemon Tree Hotels Ltd.,Consumer Services,Stage 3,-22.23,-27.85,484888235.83,Stage 3,watchlist,weekly_watchlist,watchlist,16.0,21.33,18.4,0.0,18.4
ETERNAL.NS,Eternal Ltd.,Consumer Services,Stage 3,-4.55,-19.77,14910014188.56,Stage 3,watchlist,weekly_watchlist,watchlist,22.36,13.2,18.24,0.0,18.24
MPHASIS.NS,MphasiS Ltd.,Information Technology,Stage 4,-15.5,-16.25,1286738882.69,"Stage 4, daily_vcp_ok",watchlist,weekly_watchlist,watchlist,29.62,3.6,17.91,0.0,17.91
ATUL.NS,Atul Ltd.,Chemicals,Stage 3,12.91,7.31,187500817.95,Stage 3,watchlist,weekly_watchlist,watchlist,23.02,11.62,17.89,0.0,17.89
BATAINDIA.NS,Bata India Ltd.,Consumer Durables,Stage 4,-20.2,-38.31,156013506.03,Stage 4,watchlist,weekly_watchlist,watchlist,21.0,14.0,17.85,0.0,17.85
CENTURYPLY.NS,Century Plyboards (India) Ltd.,Consumer Durables,Stage 3,-5.54,-7.19,34462354.03,"Stage 3, volume_dryup",watchlist,weekly_watchlist,watchlist,21.0,14.0,17.85,0.0,17.85
AMBUJACEM.NS,Ambuja Cements Ltd.,Construction Materials,Stage 4,-13.02,-21.42,1341690719.77,Stage 4,watchlist,weekly_watchlist,watchlist,20.92,14.0,17.81,0.0,17.81
PAGEIND.NS,Page Industries Ltd.,Textiles,Stage 4,0.35,-16.13,701125985.5,"Stage 4, volume_dryup",watchlist,weekly_watchlist,watchlist,11.59,14.0,12.67,5.0,17.67
TATATECH.NS,Tata Technologies Ltd.,Information Technology,Stage 4,-7.59,-17.25,603981909.41,"Stage 4, daily_vcp_ok",watchlist,weekly_watchlist,watchlist,29.03,3.6,17.59,0.0,17.59
MUTHOOTFIN.NS,Muthoot Finance Ltd.,Financial Services,Stage 3,-4.69,13.06,3563081670.77,Stage 3,watchlist,weekly_watchlist,watchlist,19.77,3.24,12.33,5.0,17.33
AWL.NS,AWL Agri Business Ltd.,Fast Moving Consumer Goods,Stage 4,-12.28,-24.02,1119027644.21,Stage 4,watchlist,weekly_watchlist,watchlist,16.81,13.2,15.19,2.0,17.19
SBILIFE.NS,SBI Life Insurance Company Ltd.,Financial Services,Stage 3,3.26,8.5,2030983643.65,Stage 3,watchlist,weekly_watchlist,watchlist,20.81,1.18,11.98,5.0,16.98
NESTLEIND.NS,Nestle India Ltd.,Fast Moving Consumer Goods,Stage 1,7.13,9.64,1458146419.19,Stage 1,watchlist,weekly_watchlist,watchlist,18.58,10.48,14.93,2.0,16.93
UPL.NS,UPL Ltd.,Chemicals,Stage 3,-8.1,0.4,1935566283.19,"Stage 3, volume_dryup",watchlist,weekly_watchlist,watchlist,13.22,21.33,16.87,0.0,16.87
SBIN.NS,State Bank of India,Financial Services,Stage 3,18.52,30.06,18715754740.48,Stage 3,watchlist,weekly_watchlist,watchlist,17.3,4.86,11.7,5.0,16.7
COFORGE.NS,Coforge Ltd.,Information Technology,Stage 4,-25.04,-25.51,4490147305.1,Stage 4,watchlist,weekly_watchlist,watchlist,25.0,6.0,16.45,0.0,16.45
BANKBARODA.NS,Bank of Baroda,Financial Services,Stage 3,4.93,17.24,2988627774.72,"Stage 3, volume_dryup",watchlist,weekly_watchlist,watchlist,13.67,7.02,10.68,5.0,15.68
KEC.NS,Kec International Ltd.,Construction,Stage 4,-14.14,-27.49,488145814.4,Stage 4,watchlist,weekly_watchlist,watchlist,16.78,14.0,15.53,0.0,15.53
SWIGGY.NS,Swiggy Ltd.,Consumer Services,Stage 4,-19.47,-29.13,3266700606.79,Stage 4,watchlist,weekly_watchlist,watchlist,16.59,14.0,15.42,0.0,15.42
HINDUNILVR.NS,Hindustan Unilever Ltd.,Fast Moving Consumer Goods,Stage 3,3.01,-8.77,4240969366.53,Stage 3,watchlist,weekly_watchlist,watchlist,12.81,14.0,13.35,2.0,15.35
SAPPHIRE.NS,Sapphire Foods India Ltd.,Consumer Services,Stage 4,-23.48,-39.8,144079880.93,Stage 4,watchlist,weekly_watchlist,watchlist,15.5,14.0,14.82,0.0,14.82
ITC.NS,ITC Ltd.,Fast Moving Consumer Goods,Stage 4,-14.55,-17.4,6977174149.33,Stage 4,watchlist,weekly_watchlist,watchlist,17.95,6.0,12.57,2.0,14.57
DALBHARAT.NS,Dalmia Bharat Ltd.,Construction Materials,Stage 4,-0.48,-14.95,485793828.71,Stage 4,watchlist,weekly_watchlist,watchlist,23.28,2.4,13.88,0.0,13.88
INDIAMART.NS,Indiamart Intermesh Ltd.,Consumer Services,Stage 4,-0.64,-10.28,332242799.85,Stage 4,watchlist,weekly_watchlist,watchlist,13.62,14.0,13.79,0.0,13.79
MANYAVAR.NS,Vedant Fashions Ltd.,Consumer Services,Stage 4,-27.1,-43.72,237310581.18,Stage 4,watchlist,weekly_watchlist,watchlist,16.18,10.8,13.76,0.0,13.76
VMM.NS,Vishal Mega Mart Ltd.,Consumer Services,Stage 4,-9.37,-18.71,6692485992.6,"Stage 4, volume_dryup",watchlist,weekly_watchlist,watchlist,14.86,2.4,9.25,0.0,9.25
BERGEPAINT.NS,Berger Paints India Ltd.,Consumer Durables,Stage 4,-11.48,-12.62,195424939.98,Stage 4,watchlist,weekly_watchlist,watchlist,8.21,8.4,8.3,0.0,8.3
