ticker,Company Name,Industry,stage,rs_3m_pct,rs_6m_pct,avg_turnover_inr,notes,daily_setup_bucket,daily_score,final_daily_score,daily_pivot,daily_breakout_distance_pct,daily_contraction_depths_pct,daily_contraction_durations,daily_contraction_score,daily_base_duration_days,volume_dryup_ratio,breakout_volume_ratio
ABSLAMC.NS,Aditya Birla Sun Life AMC Ltd.,Financial Services,Stage 2,26.33,25.89,754698272.26,"Stage 2, trend_template_ok, volume_dryup",watchlist,75.32,77.82,1048.38,-12.52,"[19.93, 14.3, 9.59]","[29, 17, 6]",0.95,97.0,0.52,0.65
CHENNPETRO.NS,Chennai Petroleum Corporation Ltd.,Oil Gas & Consumable Fuels,Stage 2,36.86,44.17,3824313844.82,"Stage 2, trend_template_ok",watchlist,71.81,76.81,1087.7,-5.1,"[30.6, 7.32]","[36, 20]",0.9,77.0,1.43,1.15
CCL.NS,CCL Products (I) Ltd.,Fast Moving Consumer Goods,Stage 2,28.51,35.75,287721632.92,"Stage 2, trend_template_ok",watchlist,74.24,75.24,1073.9,1.78,"[13.85, 12.49, 8.82, 8.72]","[20, 19, 5, 17]",1.0,78.0,0.88,0.46
APARINDS.NS,Apar Industries Ltd.,Capital Goods,Stage 2,29.94,25.53,1225169138.9,"Stage 2, trend_template_ok",watchlist,69.06,74.06,11668.38,-15.74,"[25.47, 9.63]","[26, 27]",0.9,62.0,0.94,0.83
DATAPATTNS.NS,Data Patterns (India) Ltd.,Capital Goods,Stage 2,28.76,28.1,3767244332.03,"Stage 2, trend_template_ok, weekly_vcp_ok, volume_dryup, weekly_strong",watchlist,68.45,73.45,3615.82,-15.5,"[24.25, 22.45]","[20, 21]",0.9,46.0,0.76,0.92
OIL.NS,Oil India Ltd.,Oil Gas & Consumable Fuels,Stage 2,27.32,25.66,3146755142.33,"Stage 2, trend_template_ok, weekly_vcp_ok, volume_dryup, weekly_strong",watchlist,68.27,73.27,507.14,-5.32,"[13.71, 10.24]","[8, 8]",0.9,27.0,0.76,0.87
AUROPHARMA.NS,Aurobindo Pharma Ltd.,Healthcare,Stage 2,24.86,30.23,2164469170.97,"Stage 2, trend_template_ok",watchlist,60.98,65.98,1322.11,0.88,[10.86],[34],0.0,34.0,0.98,1.01
ADANIPOWER.NS,Adani Power Ltd.,Power,Stage 2,24.31,16.96,5079379427.46,"Stage 2, weekly_vcp_ok, weekly_strong",watchlist,57.23,62.23,157.45,1.6,"[22.59, 16.36, 16.7]","[33, 16, 17]",0.95,90.0,1.27,2.41
THERMAX.NS,Thermax Ltd.,Capital Goods,Stage 2,21.8,10.94,640274998.11,"Stage 2, weekly_vcp_ok, weekly_strong",watchlist,56.37,61.37,3353.06,-1.71,"[18.2, 11.82, 11.01]","[28, 14, 8]",0.95,74.0,1.32,0.93
GLENMARK.NS,Glenmark Pharmaceuticals Ltd.,Healthcare,Stage 2,15.22,14.83,1536524094.67,"Stage 2, trend_template_ok, weekly_vcp_ok, weekly_strong",watchlist,53.71,58.71,2301.92,-9.13,[4.65],[54],0.0,54.0,1.28,1.74
GPIL.NS,Godawari Power & Ispat Ltd.,Capital Goods,Stage 2,16.45,18.87,627483883.14,"Stage 2, weekly_vcp_ok, weekly_strong",watchlist,53.08,58.08,280.4,-1.3,"[23.72, 15.62, 14.47]","[28, 15, 12]",0.95,89.0,1.35,1.36
KIRLOSENG.NS,Kirloskar Oil Eng Ltd.,Capital Goods,Stage 2,25.67,59.35,548660994.85,"Stage 2, trend_template_ok, volume_dryup",watchlist,52.12,57.12,1530.0,-9.55,[14.12],[9],0.0,9.0,0.56,0.5
ANANDRATHI.NS,Anand Rathi Wealth Ltd.,Financial Services,Stage 2,16.2,20.0,522958668.1,"Stage 2, weekly_vcp_ok, weekly_strong",watchlist,54.09,56.59,3241.0,-1.01,"[16.39, 15.53]","[27, 8]",0.9,70.0,0.85,1.44
ASTERDM.NS,Aster DM Healthcare Ltd.,Healthcare,Stage 2,19.59,13.91,625312273.37,"Stage 2, volume_dryup",watchlist,51.49,56.49,700.31,-6.03,"[17.69, 17.31]","[22, 19]",0.9,54.0,0.78,0.52
ONGC.NS,Oil & Natural Gas Corporation Ltd.,Oil Gas & Consumable Fuels,Stage 2,34.72,33.37,7719502293.39,"Stage 2, trend_template_ok, weekly_vcp_ok, weekly_strong",watchlist,50.88,55.88,293.51,-2.15,[4.8],[31],0.0,31.0,1.14,0.88
EMCURE.NS,Emcure Pharmaceuticals Ltd.,Healthcare,Stage 2,23.57,24.6,603836105.17,"Stage 2, trend_template_ok",watchlist,50.14,55.14,1588.37,-2.57,[11.77],[14],0.0,14.0,1.22,1.64
POWERINDIA.NS,Hitachi Energy India Ltd.,Capital Goods,Stage 2,50.75,39.45,3273036796.25,"Stage 2, trend_template_ok",watchlist,49.63,54.63,26371.07,-3.97,[19.03],[7],0.0,7.0,0.82,0.71
GMDCLTD.NS,Gujarat Mineral Development Corporation Ltd.,Metals & Mining,Stage 2,9.7,4.47,2311979560.05,"Stage 2, weekly_vcp_ok, weekly_strong",watchlist,49.52,54.52,641.0,-9.15,"[24.53, 18.89, 18.72]","[11, 15, 16]",0.95,79.0,1.46,0.55
NATIONALUM.NS,National Aluminium Co. Ltd.,Metals & Mining,Stage 2,41.88,110.41,7402844693.18,"Stage 2, trend_template_ok",watchlist,49.25,54.25,412.42,-2.58,[21.54],[18],0.0,18.0,1.02,0.61
SAIL.NS,Steel Authority of India Ltd.,Metals & Mining,Stage 2,17.99,25.68,3613675281.81,"Stage 2, trend_template_ok",watchlist,49.17,54.17,168.5,-7.92,[15.01],[26],0.0,26.0,1.15,1.14
CUMMINSIND.NS,Cummins India Ltd.,Capital Goods,Stage 2,17.7,24.74,4499639887.96,"Stage 2, trend_template_ok",watchlist,48.99,53.99,4995.73,-6.99,[15.86],[30],0.0,30.0,1.5,0.89
VEDL.NS,Vedanta Ltd.,Metals & Mining,Stage 2,28.11,62.47,10538369226.05,"Stage 2, trend_template_ok",watchlist,47.88,52.88,731.29,-5.97,[7.79],[7],0.0,7.0,1.06,0.97
GVT&D.NS,GE Vernova T&D India Ltd.,Capital Goods,Stage 2,34.45,35.75,2505794036.43,"Stage 2, trend_template_ok",watchlist,47.75,52.75,4006.0,-4.59,[15.23],[6],0.0,6.0,1.11,0.97
GRANULES.NS,Granules India Ltd.,Healthcare,Stage 2,14.98,26.81,559081166.61,Stage 2,watchlist,47.63,52.63,608.01,0.92,"[14.87, 6.78]","[18, 7]",0.9,34.0,1.43,0.68
MRPL.NS,Mangalore Refinery & Petrochemicals Ltd.,Oil Gas & Consumable Fuels,Stage 2,34.77,46.55,5282764591.33,"Stage 2, trend_template_ok",watchlist,46.95,51.95,212.37,-14.23,[14.18],[8],0.0,8.0,0.91,0.35
GESHIP.NS,Great Eastern Shipping Co. Ltd.,Services,Stage 2,40.89,57.39,1022757655.68,"Stage 2, trend_template_ok",watchlist,49.28,51.78,1511.64,-4.77,[6.89],[8],0.0,8.0,0.87,0.54
BSE.NS,BSE Ltd.,Financial Services,Stage 2,20.76,43.82,12381349038.01,"Stage 2, trend_template_ok",watchlist,49.2,51.7,3014.27,-5.4,[21.38],[14],0.0,14.0,0.93,0.74
SAILIFE.NS,Sai Life Sciences Ltd.,Healthcare,Stage 2,18.11,16.32,652926641.71,"Stage 2, trend_template_ok",watchlist,46.63,51.63,1085.9,-11.6,[13.47],[6],0.0,6.0,0.83,0.91
SYRMA.NS,Syrma SGS Technology Ltd.,Capital Goods,Stage 2,21.05,8.04,1044933701.25,"Stage 2, weekly_vcp_ok, weekly_strong",watchlist,46.28,51.28,895.0,-11.03,"[22.58, 16.51]","[25, 12]",0.9,48.0,1.03,0.52
LUPIN.NS,Lupin Ltd.,Healthcare,Stage 2,20.26,25.53,2570637719.39,"Stage 2, weekly_vcp_ok, weekly_strong",watchlist,40.99,45.99,2381.76,-4.5,[6.65],[17],0.0,17.0,1.27,1.32
NATCOPHARM.NS,NATCO Pharma Ltd.,Healthcare,Stage 2,26.42,37.52,1071793351.47,"Stage 2, volume_dryup",watchlist,37.88,42.88,1054.84,-2.59,[15.16],[39],0.0,39.0,0.46,0.65
ABB.NS,ABB India Ltd.,Capital Goods,Stage 2,31.24,25.81,2329418479.25,"Stage 2, volume_dryup",watchlist,35.64,40.64,6565.47,-6.45,[12.48],[27],0.0,27.0,0.64,0.6
ACMESOLAR.NS,ACME Solar Holdings Ltd.,Power,Stage 3,28.18,6.88,713523304.13,"Stage 3, weekly_vcp_ok, weekly_strong, distribution_risk",watchlist,34.75,39.75,272.63,0.74,"[30.5, 19.18, 10.05]","[33, 22, 19]",0.95,95.0,2.28,2.23
SONACOMS.NS,Sona BLW Precision Forgings Ltd.,Automobile and Auto Components,Stage 1,16.35,30.77,1004447103.18,"Stage 1, stage1_base_ready, weekly_vcp_ok, weekly_strong, stage1_not_actionable",watchlist,36.04,38.54,549.45,-9.63,"[12.86, 13.26]","[21, 11]",0.9,57.0,1.21,0.84
LLOYDSME.NS,Lloyds Metals And Energy Ltd.,Metals & Mining,Stage 3,17.51,18.41,980025701.32,"Stage 3, weekly_vcp_ok, weekly_strong, distribution_risk",watchlist,32.91,37.91,1330.32,4.36,"[22.91, 15.51, 14.12]","[55, 12, 11]",0.95,84.0,1.28,1.46
WELCORP.NS,Welspun Corp Ltd.,Capital Goods,Stage 3,16.42,7.96,412698547.1,"Stage 3, volume_dryup, distribution_risk",watchlist,32.55,37.55,871.32,-2.81,"[21.94, 10.86, 9.23]","[33, 8, 14]",0.95,82.0,0.77,0.82
NAVINFLUOR.NS,Navin Fluorine International Ltd.,Chemicals,Stage 3,8.44,36.83,1159850870.88,"Stage 3, volume_dryup, distribution_risk",watchlist,36.49,37.49,6977.19,-15.57,"[11.81, 8.22, 5.95]","[16, 10, 29]",0.95,72.0,0.67,0.84
AKUMS.NS,Akums Drugs and Pharmaceuticals Ltd.,Healthcare,Stage 3,23.13,16.67,78652349.14,"Stage 3, weekly_vcp_ok, volume_dryup, weekly_strong, distribution_risk",watchlist,32.18,37.18,515.9,-3.27,"[14.59, 14.82, 9.77]","[12, 19, 17]",0.95,89.0,0.69,0.73
VTL.NS,Vardhman Textiles Ltd.,Textiles,Stage 2,35.07,38.85,289360570.51,"Stage 2, volume_dryup",watchlist,34.41,36.91,559.9,-4.16,[14.1],[22],0.0,22.0,0.73,0.79
STARHEALTH.NS,Star Health and Allied Insurance Company Ltd.,Financial Services,Stage 3,15.71,15.01,213230495.05,"Stage 3, distribution_risk",watchlist,34.31,36.81,488.6,-3.83,"[18.06, 11.33, 10.98]","[29, 16, 7]",0.95,77.0,0.89,1.01
APOLLOHOSP.NS,Apollo Hospitals Enterprise Ltd.,Healthcare,Stage 3,16.48,6.31,3534306117.05,"Stage 3, weekly_vcp_ok, weekly_strong, distribution_risk",watchlist,31.48,36.48,7884.02,-7.19,"[15.04, 10.57]","[39, 12]",0.9,64.0,1.12,0.71
BEL.NS,Bharat Electronics Ltd.,Capital Goods,Stage 3,18.39,13.74,8953102912.6,"Stage 3, weekly_vcp_ok, weekly_strong, distribution_risk",watchlist,31.12,36.12,474.28,-11.11,"[11.42, 6.49]","[23, 8]",0.9,46.0,0.9,0.98
TIMKEN.NS,Timken India Ltd.,Capital Goods,Stage 2,25.64,19.54,235032577.58,"Stage 2, volume_dryup",watchlist,31.11,36.11,3616.32,-7.43,[10.61],[9],0.0,9.0,0.75,0.63
COALINDIA.NS,Coal India Ltd.,Oil Gas & Consumable Fuels,Stage 2,26.54,28.3,6919927503.31,Stage 2,watchlist,29.98,34.98,476.0,-5.6,[11.91],[12],0.0,12.0,1.27,0.6
GICRE.NS,General Insurance Corporation of India,Financial Services,Stage 3,11.85,11.97,127038752.67,"Stage 3, distribution_risk",watchlist,32.31,34.81,400.3,-5.43,"[10.12, 9.14, 8.12]","[24, 14, 30]",0.95,78.0,0.93,0.71
PRAJIND.NS,Praj Industries Ltd.,Capital Goods,Stage 3,16.0,5.72,1225263566.25,"Stage 3, volume_dryup, distribution_risk",watchlist,29.61,34.61,348.0,-3.99,"[23.7, 16.02]","[28, 23]",0.9,61.0,0.64,0.65
TARIL.NS,Transformers And Rectifiers (India) Ltd.,Capital Goods,Stage 3,8.77,-37.32,1021056025.8,"Stage 3, weekly_vcp_ok, volume_dryup, weekly_strong, distribution_risk",watchlist,29.06,34.06,343.85,-20.58,"[58.32, 28.65, 21.44]","[54, 32, 15]",0.95,117.0,0.6,0.45
FINCABLES.NS,Finolex Cables Ltd.,Capital Goods,Stage 3,18.83,7.33,540723370.7,"Stage 3, weekly_vcp_ok, weekly_strong, distribution_risk",watchlist,28.91,33.91,995.54,-19.88,"[12.77, 12.07, 6.9]","[25, 27, 7]",0.95,76.0,0.88,0.7
HSCL.NS,Himadri Speciality Chemical Ltd.,Chemicals,Stage 3,4.3,8.0,1057305494.96,"Stage 3, weekly_vcp_ok, weekly_strong, distribution_risk",watchlist,32.88,33.88,498.8,-10.15,"[15.35, 11.99, 12.19]","[16, 12, 28]",0.95,93.0,1.73,2.41
NMDC.NS,NMDC Ltd.,Metals & Mining,Stage 3,9.17,15.1,1889275414.62,"Stage 3, distribution_risk",watchlist,28.75,33.75,83.7,-6.71,"[12.3, 9.35]","[11, 19]",0.9,37.0,0.95,1.01
COCHINSHIP.NS,Cochin Shipyard Ltd.,Capital Goods,Stage 3,-6.24,-17.6,2247061547.89,"Stage 3, weekly_vcp_ok, weekly_strong, distribution_risk",watchlist,28.37,33.37,1696.03,-22.5,"[20.57, 16.97, 12.46]","[38, 18, 11]",0.95,78.0,1.61,1.82
J&KBANK.NS,Jammu & Kashmir Bank Ltd.,Financial Services,Stage 2,25.66,20.92,902354352.37,Stage 2,watchlist,30.68,33.18,128.7,-11.77,[8.38],[16],0.0,16.0,0.8,0.48
USHAMART.NS,Usha Martin Ltd.,Capital Goods,Stage 3,1.76,-7.01,158990816.24,"Stage 3, weekly_vcp_ok, volume_dryup, weekly_strong, distribution_risk",watchlist,28.0,33.0,470.0,-13.71,"[17.42, 16.24, 12.01]","[11, 18, 14]",0.95,78.0,0.71,0.49
JSWSTEEL.NS,JSW Steel Ltd.,Metals & Mining,Stage 3,10.42,9.58,2283086569.58,"Stage 3, distribution_risk",watchlist,27.86,32.86,1286.95,-11.32,"[9.77, 9.43]","[17, 13]",0.9,35.0,1.27,1.29
SARDAEN.NS,Sarda Energy and Minerals Ltd.,Metals & Mining,Stage 3,12.18,1.66,276321914.65,"Stage 3, distribution_risk",watchlist,27.74,32.74,563.03,-7.79,"[21.14, 15.78]","[28, 18]",0.9,58.0,0.89,1.45
ADANIGREEN.NS,Adani Green Energy Ltd.,Power,Stage 3,-3.24,-9.45,3133931960.05,"Stage 3, distribution_risk",watchlist,27.74,32.74,1021.73,-16.22,"[26.79, 19.11]","[16, 12]",0.9,45.0,0.91,2.62
GRSE.NS,Garden Reach Shipbuilders & Engineers Ltd.,Capital Goods,Stage 3,4.97,-1.24,4134166547.2,"Stage 3, weekly_vcp_ok, weekly_strong, distribution_risk",watchlist,27.7,32.7,2807.13,-19.66,"[27.22, 14.77]","[23, 11]",0.9,49.0,1.52,3.15
NLCINDIA.NS,NLC India Ltd.,Power,Stage 2,25.36,7.13,787597566.17,"Stage 2, weekly_vcp_ok, weekly_strong",watchlist,27.62,32.62,274.85,1.36,[13.0],[11],0.0,11.0,1.28,0.99
DIVISLAB.NS,Divi's Laboratories Ltd.,Healthcare,Stage 3,4.05,10.67,1815109039.25,"Stage 3, distribution_risk",watchlist,27.14,32.14,6793.0,-13.79,"[10.73, 9.71]","[29, 11]",0.9,58.0,0.98,1.5
ADANIENSOL.NS,Adani Energy Solutions Ltd.,Power,Stage 3,4.38,14.97,1853778034.28,"Stage 3, distribution_risk",watchlist,27.14,32.14,1051.8,-10.48,"[24.78, 8.77]","[14, 16]",0.9,40.0,1.26,0.96
INDIANB.NS,Indian Bank,Financial Services,Stage 3,16.28,27.86,1690303348.55,"Stage 3, distribution_risk",watchlist,29.42,31.92,1001.75,-13.21,"[13.94, 7.45]","[30, 5]",0.9,49.0,1.02,0.82
GLAXO.NS,Glaxosmithkline Pharmaceuticals Ltd.,Healthcare,Stage 3,5.88,-5.32,133361611.83,"Stage 3, distribution_risk",watchlist,26.72,31.72,2724.56,-15.16,"[14.01, 12.17]","[21, 10]",0.9,62.0,0.97,1.61
METROPOLIS.NS,Metropolis Healthcare Ltd.,Healthcare,Stage 3,-0.1,-8.49,156206867.76,"Stage 3, distribution_risk",watchlist,26.58,31.58,511.89,-17.61,"[15.29, 15.21]","[17, 21]",0.9,43.0,1.98,2.4
NTPCGREEN.NS,NTPC Green Energy Ltd.,Power,Stage 3,15.26,7.98,2813757463.18,"Stage 3, weekly_vcp_ok, weekly_strong, distribution_risk",watchlist,26.52,31.52,104.91,-7.33,"[16.89, 7.79]","[27, 5]",0.9,84.0,1.14,0.47
ADANIPORTS.NS,Adani Ports and Special Economic Zone Ltd.,Services,Stage 3,6.16,7.47,4118919669.16,"Stage 3, distribution_risk",watchlist,28.76,31.26,1584.0,-13.03,"[13.32, 5.59]","[68, 5]",0.9,83.0,1.01,1.11
LINDEINDIA.NS,Linde India Ltd.,Chemicals,Stage 2,36.0,23.38,525379901.1,"Stage 2, weekly_vcp_ok, weekly_strong",watchlist,30.23,31.23,7528.15,-3.08,[6.73],[7],0.0,7.0,1.19,1.11
PREMIERENE.NS,Premier Energies Ltd.,Capital Goods,Stage 3,21.37,-2.21,2241789831.49,"Stage 3, distribution_risk",watchlist,26.12,31.12,942.55,-2.67,"[39.67, 20.02]","[62, 10]",0.9,84.0,1.27,0.8
WOCKPHARMA.NS,Wockhardt Ltd.,Healthcare,Stage 3,0.36,-10.85,861241237.21,"Stage 3, weekly_vcp_ok, distribution_risk",watchlist,25.89,30.89,1569.64,-18.99,"[19.65, 14.5, 14.08]","[22, 19, 29]",0.95,85.0,1.67,1.2
TIINDIA.NS,Tube Investments of India Ltd.,Automobile and Auto Components,Stage 3,10.73,-9.2,1122541675.72,"Stage 3, volume_dryup, distribution_risk",watchlist,28.35,30.85,2854.99,-10.08,"[30.31, 11.1]","[49, 27]",0.9,82.0,0.58,0.4
WAAREEENER.NS,Waaree Energies Ltd.,Capital Goods,Stage 1,15.89,1.52,6253919859.67,"Stage 1, weekly_vcp_ok, weekly_strong, stage1_not_actionable, stage1_needs_more_base",watchlist,25.84,30.84,3410.96,-9.98,"[23.99, 22.85, 20.94]","[35, 20, 17]",0.95,96.0,1.12,0.53
ZYDUSLIFE.NS,Zydus Lifesciences Ltd.,Healthcare,Stage 3,6.96,-5.01,593827498.55,"Stage 3, distribution_risk",watchlist,25.73,30.73,947.55,-8.79,"[9.5, 8.65]","[17, 17]",0.9,57.0,0.96,1.45
TATAINVEST.NS,Tata Investment Corporation Ltd.,Financial Services,Stage 3,-3.9,-26.13,441221999.62,"Stage 3, volume_dryup, distribution_risk",watchlist,28.2,30.7,750.0,-22.19,"[36.67, 25.86]","[23, 46]",0.9,82.0,0.4,0.28
INOXINDIA.NS,INOX India Ltd.,Capital Goods,Stage 1,24.54,12.8,147582536.61,"Stage 1, weekly_vcp_ok, weekly_strong, stage1_not_actionable, stage1_needs_more_base",watchlist,25.63,30.63,1260.0,-1.4,"[8.59, 9.07, 9.08]","[9, 11, 10]",0.55,111.0,2.2,0.73
MANKIND.NS,Mankind Pharma Ltd.,Healthcare,Stage 3,3.42,-10.95,1330852526.99,"Stage 3, distribution_risk",watchlist,25.48,30.48,2320.9,-13.89,"[12.48, 9.15, 8.49]","[15, 15, 13]",0.95,86.0,1.34,1.09
SJVN.NS,SJVN Ltd.,Power,Stage 3,3.91,-16.16,416506573.32,"Stage 3, weekly_vcp_ok, weekly_strong, distribution_risk",watchlist,25.33,30.33,87.59,-23.12,"[26.78, 23.28, 15.45]","[61, 19, 13]",0.95,111.0,0.98,0.66
KIMS.NS,Krishna Institute of Medical Sciences Ltd.,Healthcare,Stage 3,15.34,-2.79,199544649.39,"Stage 3, volume_dryup, distribution_risk",watchlist,25.25,30.25,758.83,-17.47,"[15.75, 13.69]","[17, 14]",0.9,36.0,0.67,0.44
SCHAEFFLER.NS,Schaeffler India Ltd.,Automobile and Auto Components,Stage 1,9.48,-1.22,361057284.35,"Stage 1, stage1_not_actionable, stage1_needs_more_base",watchlist,27.72,30.22,4475.52,-15.89,"[15.63, 10.36, 7.91]","[32, 9, 24]",0.95,91.0,0.86,0.85
KPRMILL.NS,K.P.R. Mill Ltd.,Textiles,Stage 3,0.74,-16.7,588487565.87,"Stage 3, weekly_vcp_ok, volume_dryup, weekly_strong, distribution_risk",watchlist,27.7,30.2,1029.73,-19.41,"[29.35, 15.46]","[44, 8]",0.9,60.0,0.4,0.14
NESTLEIND.NS,Nestle India Ltd.,Fast Moving Consumer Goods,Stage 1,5.43,11.8,1585315085.27,"Stage 1, weekly_vcp_ok, stage1_not_actionable, stage1_needs_more_base",watchlist,29.19,30.19,1334.8,-10.75,"[6.54, 5.28]","[19, 15]",0.9,53.0,1.16,1.19
BALRAMCHIN.NS,Balrampur Chini Mills Ltd.,Fast Moving Consumer Goods,Stage 3,22.55,17.08,692021294.44,"Stage 3, weekly_vcp_ok, weekly_strong, distribution_risk",watchlist,29.06,30.06,527.92,-7.31,"[14.35, 14.07, 6.09]","[16, 23, 15]",0.95,74.0,1.39,0.77
BHEL.NS,Bharat Heavy Electricals Ltd.,Capital Goods,Stage 3,-1.25,13.92,2487726406.36,"Stage 3, weekly_vcp_ok, volume_dryup, weekly_strong, distribution_risk",watchlist,24.97,29.97,277.48,-10.59,"[21.38, 10.76]","[13, 15]",0.9,38.0,0.72,0.6
MOTHERSON.NS,Samvardhana Motherson International Ltd.,Automobile and Auto Components,Stage 3,1.77,8.12,2485882621.38,"Stage 3, distribution_risk",watchlist,27.43,29.93,135.73,-21.31,"[10.29, 7.82, 6.3]","[10, 12, 47]",0.95,81.0,1.19,1.33
TRIVENI.NS,Triveni Engineering & Industries Ltd.,Fast Moving Consumer Goods,Stage 3,12.26,24.93,604395015.4,"Stage 3, distribution_risk",watchlist,28.85,29.85,418.73,-7.33,"[21.79, 17.56]","[17, 22]",0.9,56.0,3.3,0.59
MAHSEAMLES.NS,Maharashtra Seamless Ltd.,Capital Goods,Stage 3,17.25,7.28,133662819.79,"Stage 3, weekly_vcp_ok, weekly_strong, distribution_risk",watchlist,24.85,29.85,577.85,1.83,"[13.0, 5.52]","[24, 7]",0.9,42.0,1.52,1.24
SIEMENS.NS,Siemens Ltd.,Capital Goods,Stage 1,12.34,5.62,1186055574.54,"Stage 1, stage1_not_actionable, stage1_needs_more_base",watchlist,24.83,29.83,3446.02,-12.17,"[11.56, 10.36]","[8, 8]",0.9,34.0,1.0,0.67
DMART.NS,Avenue Supermarts Ltd.,Consumer Services,Stage 1,27.78,4.18,3127132914.15,"Stage 1, stage1_not_actionable, stage1_needs_more_base",watchlist,29.65,29.65,4056.0,7.55,"[8.13, 8.24]","[14, 13]",0.9,34.0,2.05,3.14
HONAUT.NS,Honeywell Automation India Ltd.,Capital Goods,Stage 3,-6.08,-17.65,180232689.0,"Stage 3, weekly_vcp_ok, weekly_strong, distribution_risk",watchlist,24.28,29.28,34705.63,-22.53,"[13.8, 12.59]","[23, 15]",0.9,44.0,1.07,1.65
GODREJAGRO.NS,Godrej Agrovet Ltd.,Fast Moving Consumer Goods,Stage 3,12.17,-12.22,101086788.91,"Stage 3, volume_dryup, distribution_risk",watchlist,28.2,29.2,656.7,-13.25,"[17.45, 12.42]","[18, 15]",0.9,65.0,0.54,0.23
FORTIS.NS,Fortis Healthcare Ltd.,Healthcare,Stage 3,1.66,-10.87,1452734788.24,"Stage 3, weekly_vcp_ok, weekly_strong, distribution_risk",watchlist,24.2,29.2,979.11,-19.44,"[23.44, 14.5]","[35, 18]",0.9,72.0,1.1,0.68
INOXWIND.NS,Inox Wind Ltd.,Capital Goods,Stage 3,-23.17,-34.77,1068684709.45,"Stage 3, weekly_vcp_ok, weekly_strong, distribution_risk",watchlist,24.2,29.2,129.23,-38.44,"[25.75, 22.64]","[29, 26]",0.9,65.0,1.28,0.93
SOLARINDS.NS,Solar Industries India Ltd.,Chemicals,Stage 3,21.42,3.1,3283277804.5,"Stage 3, weekly_vcp_ok, weekly_strong, distribution_risk",watchlist,27.98,28.98,15603.26,-15.99,"[18.24, 10.11, 9.04]","[26, 8, 8]",0.95,65.0,1.04,1.11
HEROMOTOCO.NS,Hero MotoCorp Ltd.,Automobile and Auto Components,Stage 3,0.97,4.27,2722999638.47,"Stage 3, weekly_vcp_ok, weekly_strong, distribution_risk",watchlist,26.43,28.93,5840.0,-14.19,"[13.7, 12.41, 7.41]","[9, 13, 6]",0.95,53.0,1.15,1.55
JSWINFRA.NS,JSW Infrastructure Ltd.,Services,Stage 3,-3.43,-17.35,464062504.97,"Stage 3, weekly_vcp_ok, weekly_strong, distribution_risk",watchlist,26.27,28.77,290.0,-16.81,"[26.05, 13.4, 10.28]","[51, 25, 15]",0.95,108.0,1.1,1.29
ENDURANCE.NS,Endurance Technologies Ltd.,Automobile and Auto Components,Stage 3,-0.61,-9.8,167289895.35,"Stage 3, distribution_risk",watchlist,26.17,28.67,2720.0,-17.21,"[13.04, 12.61, 7.64]","[21, 10, 7]",0.95,69.0,0.89,0.77
BANDHANBNK.NS,Bandhan Bank Ltd.,Financial Services,Stage 3,12.79,-1.89,1781748157.92,"Stage 3, distribution_risk",watchlist,26.12,28.62,190.56,-23.21,"[23.7, 10.05]","[29, 26]",0.9,59.0,0.85,0.99
SUNTV.NS,Sun TV Network Ltd.,Media Entertainment & Publication,Stage 1,14.4,22.28,327052859.95,"Stage 1, stage1_not_actionable, stage1_needs_more_base",watchlist,27.56,28.56,654.73,-9.07,"[10.64, 6.04, 6.84, 5.27]","[9, 6, 5, 34]",0.73,112.0,2.1,0.73
VMM.NS,Vishal Mega Mart Ltd.,Consumer Services,Stage 3,-8.46,-18.69,1937323427.93,"Stage 3, volume_dryup, distribution_risk",watchlist,28.2,28.2,130.5,-17.33,"[16.35, 15.88]","[30, 26]",0.9,64.0,0.56,0.66
TITAGARH.NS,Titagarh Rail Systems Ltd.,Capital Goods,Stage 3,-18.63,-22.62,509979565.07,"Stage 3, weekly_vcp_ok, weekly_strong, distribution_risk",watchlist,23.07,28.07,828.3,-25.76,"[18.78, 18.15]","[25, 16]",0.9,55.0,1.35,0.95
SAREGAMA.NS,Saregama India Ltd,Media Entertainment & Publication,Stage 3,3.71,-23.52,149801542.78,"Stage 3, weekly_vcp_ok, weekly_strong, distribution_risk",watchlist,27.0,28.0,381.97,-16.09,"[16.98, 16.84, 16.47]","[7, 17, 17]",0.95,67.0,0.81,0.87
ZENTEC.NS,Zen Technologies Ltd.,Capital Goods,Stage 3,12.35,3.72,939201924.52,"Stage 3, weekly_vcp_ok, weekly_strong, distribution_risk",watchlist,22.69,27.69,1469.6,-6.97,"[13.94, 9.24]","[15, 11]",0.9,37.0,0.97,0.66
CONCOR.NS,Container Corporation of India Ltd.,Services,Stage 3,-3.33,-7.2,884905675.56,"Stage 3, weekly_vcp_ok, weekly_strong, distribution_risk",watchlist,25.1,27.6,535.35,-17.95,"[11.49, 11.47, 7.72]","[34, 13, 9]",0.95,74.0,1.34,0.89
OLECTRA.NS,Olectra Greentech Ltd.,Automobile and Auto Components,Stage 3,-2.48,-27.18,1793246660.79,"Stage 3, weekly_vcp_ok, weekly_strong, distribution_risk",watchlist,25.1,27.6,1276.13,-20.06,"[28.1, 24.29, 23.51]","[33, 16, 28]",0.95,92.0,3.18,0.61
UTIAMC.NS,UTI Asset Management Company Ltd.,Financial Services,Stage 3,-4.24,-20.18,88311226.42,"Stage 3, distribution_risk",watchlist,25.1,27.6,1169.0,-19.49,"[22.36, 18.94, 17.15]","[37, 15, 17]",0.95,96.0,1.0,0.91
HAL.NS,Hindustan Aeronautics Ltd.,Capital Goods,Stage 4,-2.85,-13.69,6424375726.29,"Stage 4, weekly_vcp_ok, weekly_strong, downtrend",watchlist,22.55,27.55,4639.62,-20.53,"[14.92, 15.37, 10.43]","[19, 5, 7]",0.95,76.0,0.86,0.89
IGIL.NS,International Gemmological Institute (India) Ltd.,Services,Stage 3,10.1,-0.71,250265461.62,"Stage 3, weekly_vcp_ok, volume_dryup, weekly_strong, distribution_risk",watchlist,25.03,27.53,366.42,-12.57,"[15.41, 16.75, 15.84, 12.36]","[22, 21, 19, 24]",0.73,120.0,0.71,0.3
SOBHA.NS,Sobha Ltd.,Realty,Stage 3,-8.26,-17.12,165572832.9,"Stage 3, weekly_vcp_ok, weekly_strong, distribution_risk",watchlist,27.45,27.45,1580.1,-26.79,"[19.46, 17.46]","[23, 10]",0.9,50.0,1.12,3.17
TEJASNET.NS,Tejas Networks Ltd.,Telecommunication,Stage 3,5.68,-21.53,8406453690.27,"Stage 3, volume_dryup, distribution_risk",watchlist,27.45,27.45,529.88,-20.88,"[43.99, 14.4]","[38, 10]",0.9,58.0,0.34,0.27
LICHSGFIN.NS,LIC Housing Finance Ltd.,Financial Services,Stage 3,8.33,-0.9,1085891086.66,"Stage 3, weekly_vcp_ok, weekly_strong, distribution_risk",watchlist,24.94,27.44,551.4,-6.17,"[12.83, 11.0]","[28, 19]",0.9,65.0,1.4,0.9
IRB.NS,IRB Infrastructure Developers Ltd.,Construction,Stage 3,16.29,14.98,459747527.19,"Stage 3, distribution_risk",watchlist,27.33,27.33,22.47,-2.97,"[11.61, 10.97]","[23, 46]",0.9,73.0,1.58,0.66
KOTAKBANK.NS,Kotak Mahindra Bank Ltd.,Financial Services,Stage 3,-6.24,-2.25,8650885191.54,"Stage 3, weekly_vcp_ok, distribution_risk",watchlist,24.74,27.24,446.38,-19.8,"[9.13, 9.18]","[12, 31]",0.9,67.0,1.24,1.13
BATAINDIA.NS,Bata India Ltd.,Consumer Durables,Stage 3,-17.88,-35.3,189918438.08,"Stage 3, distribution_risk",watchlist,27.08,27.08,960.33,-31.57,"[22.08, 12.5]","[37, 15]",0.9,63.0,1.65,1.75
UNIONBANK.NS,Union Bank of India,Financial Services,Stage 3,24.29,34.9,3369803574.49,"Stage 3, distribution_risk",watchlist,24.52,27.02,205.85,-16.45,"[8.92, 4.73]","[5, 6]",0.9,19.0,1.22,0.79
IOC.NS,Indian Oil Corporation Ltd.,Oil Gas & Consumable Fuels,Stage 3,-5.97,1.63,3860840457.97,"Stage 3, distribution_risk",watchlist,21.96,26.96,186.93,-28.25,"[8.12, 8.31]","[19, 5]",0.9,42.0,1.27,1.13
GAIL.NS,GAIL (India) Ltd.,Oil Gas & Consumable Fuels,Stage 3,-2.67,-9.32,2543417137.6,"Stage 3, weekly_vcp_ok, weekly_strong, distribution_risk",watchlist,21.9,26.9,171.76,-17.48,"[12.12, 10.38]","[8, 20]",0.9,45.0,1.13,1.02
AKZOINDIA.NS,Akzo Nobel India Ltd.,Consumer Durables,Stage 3,6.6,-1.22,116764251.57,"Stage 3, weekly_vcp_ok, weekly_strong, distribution_risk",watchlist,26.86,26.86,3130.47,-4.43,"[16.67, 14.66]","[17, 7]",0.9,41.0,1.35,2.66
NHPC.NS,NHPC Ltd.,Power,Stage 3,9.24,-2.81,1317139165.06,"Stage 3, weekly_vcp_ok, weekly_strong, distribution_risk",watchlist,21.84,26.84,79.07,-4.73,"[12.19, 9.42]","[15, 20]",0.9,40.0,1.0,0.56
JPPOWER.NS,Jaiprakash Power Ventures Ltd.,Power,Stage 3,-0.19,-6.5,1789148847.18,"Stage 3, distribution_risk",watchlist,21.82,26.82,17.41,-13.79,"[21.14, 16.93]","[17, 5]",0.9,45.0,2.78,0.79
ELECON.NS,Elecon Engineering Co. Ltd.,Capital Goods,Stage 3,-6.94,-22.49,203931603.04,"Stage 3, distribution_risk",watchlist,21.82,26.82,494.86,-21.56,"[32.2, 15.99]","[9, 6]",0.9,45.0,1.1,0.84
GODIGIT.NS,Go Digit General Insurance Ltd.,Financial Services,Stage 1,5.68,-0.69,110077349.34,"Stage 1, stage1_not_actionable, stage1_needs_more_base",watchlist,24.24,26.74,350.0,-8.34,"[13.02, 9.2]","[36, 11]",0.9,54.0,0.94,0.49
BAJAJHFL.NS,Bajaj Housing Finance Ltd.,Financial Services,Stage 3,-4.88,-22.24,736158432.44,"Stage 3, distribution_risk",watchlist,24.2,26.7,98.46,-20.78,"[18.06, 11.37]","[27, 18]",0.9,64.0,1.86,0.92
MSUMI.NS,Motherson Sumi Wiring India Ltd.,Automobile and Auto Components,Stage 3,-11.16,-12.3,316956021.11,"Stage 3, distribution_risk",watchlist,24.14,26.64,44.73,-17.12,"[23.77, 9.68]","[18, 8]",0.9,27.0,1.65,2.14
UCOBANK.NS,UCO Bank,Financial Services,Stage 3,-6.41,-12.08,218538894.92,"Stage 3, weekly_vcp_ok, weekly_strong, distribution_risk",watchlist,24.08,26.58,31.3,-23.65,"[18.16, 9.55]","[26, 9]",0.9,63.0,1.11,0.86
ADANIENT.NS,Adani Enterprises Ltd.,Metals & Mining,Stage 3,-5.67,-19.03,4113231183.36,"Stage 3, weekly_vcp_ok, weekly_strong, distribution_risk",watchlist,21.57,26.57,2288.0,-19.83,"[19.65, 8.08]","[28, 5]",0.9,43.0,1.49,0.93
CREDITACC.NS,CreditAccess Grameen Ltd.,Financial Services,Stage 3,4.92,-3.95,299785095.71,"Stage 3, volume_dryup, distribution_risk",watchlist,24.05,26.55,1351.36,-12.84,"[16.82, 16.16]","[15, 6]",0.9,30.0,0.23,0.21
KAJARIACER.NS,Kajaria Ceramics Ltd.,Consumer Durables,Stage 3,13.01,-7.82,336849700.01,"Stage 3, distribution_risk",watchlist,26.52,26.52,1143.0,-14.78,"[18.02, 14.03, 14.45, 14.13]","[24, 9, 16, 17]",1.0,101.0,1.35,0.87
GODREJIND.NS,Godrej Industries Ltd.,Diversified,Stage 3,-3.58,-21.67,340209530.03,"Stage 3, weekly_vcp_ok, weekly_strong, distribution_risk",watchlist,25.3,26.3,1063.4,-20.83,"[12.22, 11.52, 11.72]","[23, 13, 12]",0.95,58.0,3.24,1.24
LICI.NS,Life Insurance Corporation of India,Financial Services,Stage 3,-1.61,-10.02,1107614311.04,"Stage 3, distribution_risk",watchlist,23.76,26.26,908.0,-19.07,"[10.8, 8.7]","[29, 19]",0.9,59.0,1.23,1.05
VIJAYA.NS,Vijaya Diagnostic Centre Ltd.,Healthcare,Stage 3,-1.97,-4.17,99582925.22,"Stage 3, weekly_vcp_ok, weekly_strong, distribution_risk",watchlist,21.24,26.24,1038.81,-13.65,"[14.24, 14.14]","[10, 18]",0.9,37.0,1.09,1.1
BAJAJHLDNG.NS,Bajaj Holdings & Investment Ltd.,Financial Services,Stage 3,-8.18,-19.97,564785421.8,"Stage 3, weekly_vcp_ok, weekly_strong, distribution_risk",watchlist,23.7,26.2,11666.41,-22.92,"[18.49, 10.81]","[30, 16]",0.9,60.0,1.05,0.84
ATGL.NS,Adani Total Gas Ltd.,Oil Gas & Consumable Fuels,Stage 3,4.2,-9.54,6235120363.35,"Stage 3, weekly_vcp_ok, weekly_strong, distribution_risk",watchlist,21.2,26.2,676.18,-23.09,"[23.1, 16.89, 18.35, 18.06]","[15, 39, 16, 19]",0.73,113.0,1.97,0.28
JYOTICNC.NS,Jyoti CNC Automation Ltd.,Capital Goods,Stage 4,-9.37,-2.31,772479568.41,"Stage 4, volume_dryup, downtrend",watchlist,21.12,26.12,885.5,-12.64,"[26.83, 22.44]","[24, 22]",0.9,53.0,0.77,0.29
PVRINOX.NS,PVR INOX Ltd.,Media Entertainment & Publication,Stage 3,7.1,-7.11,411596708.88,"Stage 3, distribution_risk",watchlist,25.1,26.1,1115.7,-15.53,"[17.14, 13.3, 13.5]","[17, 18, 20]",0.95,66.0,1.22,0.49
HINDUNILVR.NS,Hindustan Unilever Ltd.,Fast Moving Consumer Goods,Stage 3,1.62,-8.79,4247751127.4,"Stage 3, distribution_risk",watchlist,25.1,26.1,2483.94,-16.85,"[9.61, 9.78, 5.15]","[15, 9, 18]",0.95,69.0,1.23,0.79
LALPATHLAB.NS,Dr. Lal Path Labs Ltd.,Healthcare,Stage 4,2.28,-6.9,399525493.74,"Stage 4, downtrend",watchlist,21.1,26.1,1518.87,-12.52,"[18.53, 11.5, 10.94]","[22, 14, 17]",0.95,75.0,1.07,0.6
AMBER.NS,Amber Enterprises India Ltd.,Consumer Durables,Stage 3,10.78,-15.82,2537919882.78,"Stage 3, distribution_risk",watchlist,25.96,25.96,8156.75,-22.99,"[27.64, 20.86]","[42, 15]",0.9,61.0,0.85,1.15
PIDILITIND.NS,Pidilite Industries Ltd.,Chemicals,Stage 3,-1.65,-5.3,999633830.27,"Stage 3, distribution_risk",watchlist,24.94,25.94,1525.0,-16.49,"[7.3, 6.06]","[11, 32]",0.9,71.0,1.14,1.19
UBL.NS,United Breweries Ltd.,Fast Moving Consumer Goods,Stage 3,4.01,-9.38,393799601.46,"Stage 3, distribution_risk",watchlist,24.82,25.82,1782.21,-16.67,"[19.51, 6.1]","[36, 14]",0.9,61.0,1.83,1.25
BLUEDART.NS,Blue Dart Express Ltd.,Services,Stage 3,1.07,-4.4,67490962.58,"Stage 3, weekly_vcp_ok, weekly_strong, distribution_risk",watchlist,23.32,25.82,5929.0,-17.47,"[25.49, 14.06]","[34, 14]",0.9,57.0,1.24,0.84
GSPL.NS,Gujarat State Petronet Ltd.,Oil Gas & Consumable Fuels,Stage 3,-6.54,-15.39,345537268.71,"Stage 3, weekly_vcp_ok, weekly_strong, distribution_risk",watchlist,20.82,25.82,316.1,-24.53,"[12.29, 11.41]","[12, 13]",0.9,37.0,1.38,0.94
JUBLINGREA.NS,Jubilant Ingrevia Ltd.,Chemicals,Stage 3,-4.92,-1.25,144477605.57,"Stage 3, distribution_risk",watchlist,24.76,25.76,775.43,-25.31,"[22.69, 22.79]","[8, 23]",0.9,70.0,0.94,0.62
KSB.NS,KSB Ltd.,Capital Goods,Stage 1,23.51,11.46,253715600.35,"Stage 1, weekly_vcp_ok, weekly_strong, stage1_not_actionable, stage1_needs_more_base",watchlist,20.71,25.71,838.51,-0.03,[13.91],[10],0.0,10.0,0.8,0.36
MGL.NS,Mahanagar Gas Ltd.,Oil Gas & Consumable Fuels,Stage 3,-2.79,-15.66,620697789.88,"Stage 3, distribution_risk",watchlist,20.7,25.7,1235.16,-22.83,"[13.55, 11.85]","[14, 13]",0.9,36.0,1.57,0.72
HFCL.NS,HFCL Ltd.,Telecommunication,Stage 3,18.23,4.7,1635704347.05,"Stage 3, weekly_vcp_ok, weekly_strong, distribution_risk",watchlist,25.5,25.5,77.34,-7.26,"[24.17, 16.44]","[31, 18]",0.9,52.0,0.95,0.89
BSOFT.NS,Birlasoft Ltd.,Information Technology,Stage 4,-1.98,15.15,459062579.63,"Stage 4, weekly_vcp_ok, volume_dryup, weekly_strong, downtrend",watchlist,25.46,25.46,474.83,-21.9,"[10.11, 4.42]","[8, 51]",0.9,63.0,0.77,1.45
GRASIM.NS,Grasim Industries Ltd.,Construction Materials,Stage 3,3.07,1.22,3504236009.43,"Stage 3, weekly_vcp_ok, weekly_strong, distribution_risk",watchlist,25.42,25.42,2979.0,-13.93,"[10.15, 6.46]","[6, 11]",0.9,57.0,1.6,0.55
ABCAPITAL.NS,Aditya Birla Capital Ltd.,Financial Services,Stage 3,-4.18,10.77,1348251937.86,"Stage 3, volume_dryup, distribution_risk",watchlist,22.9,25.4,360.63,-17.3,"[13.41, 8.24]","[8, 9]",0.9,18.0,0.62,0.48
JKCEMENT.NS,J.K. Cement Ltd.,Construction Materials,Stage 3,5.92,-10.24,399064254.6,"Stage 3, distribution_risk",watchlist,25.35,25.35,6105.0,-15.31,"[19.03, 11.04, 9.52]","[19, 17, 18]",0.95,85.0,0.98,0.32
CONCORDBIO.NS,Concord Biotech Ltd.,Healthcare,Stage 4,-11.38,-27.81,198995751.75,"Stage 4, weekly_vcp_ok, volume_dryup, weekly_strong, downtrend",watchlist,20.33,25.33,1293.56,-20.75,"[24.4, 22.84]","[17, 12]",0.9,33.0,0.38,0.36
BEML.NS,BEML Ltd.,Capital Goods,Stage 4,-7.74,-18.88,478753466.15,"Stage 4, weekly_vcp_ok, weekly_strong, downtrend",watchlist,20.31,25.31,1923.93,-22.94,"[29.65, 14.58]","[31, 5]",0.9,72.0,1.16,1.03
BBTC.NS,Bombay Burmah Trading Corporation Ltd.,Fast Moving Consumer Goods,Stage 3,-12.17,-11.29,82030743.08,"Stage 3, distribution_risk",watchlist,24.2,25.2,1908.65,-26.09,"[14.75, 14.06]","[15, 17]",0.9,69.0,1.38,0.89
PGHH.NS,Procter & Gamble Hygiene & Health Care Ltd.,Fast Moving Consumer Goods,Stage 3,-11.19,-19.45,238119482.65,"Stage 3, distribution_risk",watchlist,24.2,25.2,12965.02,-24.74,"[14.05, 11.74]","[43, 22]",0.9,78.0,2.24,0.75
IGL.NS,Indraprastha Gas Ltd.,Oil Gas & Consumable Fuels,Stage 4,-10.92,-19.99,607923210.68,"Stage 4, downtrend",watchlist,20.2,25.2,195.44,-25.14,"[16.47, 10.46]","[24, 11]",0.9,70.0,1.34,0.85
CGCL.NS,Capri Global Capital Ltd.,Financial Services,Stage 3,3.41,-3.29,394775769.95,"Stage 3, weekly_vcp_ok, distribution_risk",watchlist,22.67,25.17,192.21,-13.46,"[15.07, 16.15, 16.47]","[29, 15, 16]",0.55,73.0,1.03,2.19
TRENT.NS,Trent Ltd.,Consumer Services,Stage 3,-4.59,-17.07,3446504466.47,"Stage 3, weekly_vcp_ok, weekly_strong, distribution_risk",watchlist,25.02,25.02,4464.8,-20.48,"[19.24, 18.22]","[34, 19]",0.9,69.0,1.17,1.2
RKFORGE.NS,Ramkrishna Forgings Ltd.,Automobile and Auto Components,Stage 3,8.58,4.63,198386698.07,"Stage 3, weekly_vcp_ok, weekly_strong, distribution_risk",watchlist,22.52,25.02,584.72,-13.98,"[12.59, 10.51]","[13, 7]",0.9,40.0,1.18,0.6
CENTRALBK.NS,Central Bank of India,Financial Services,Stage 3,1.93,-0.11,285569392.94,"Stage 3, weekly_vcp_ok, distribution_risk",watchlist,22.51,25.01,40.99,-18.79,"[10.94, 9.98]","[20, 15]",0.9,46.0,0.96,0.59
SAMMAANCAP.NS,Sammaan Capital Ltd.,Financial Services,Stage 3,13.34,3.13,2638586947.62,"Stage 3, distribution_risk",watchlist,22.48,24.98,162.28,-9.45,"[10.98, 5.99]","[15, 10]",0.9,28.0,2.15,1.28
SUNDRMFAST.NS,Sundram Fasteners Ltd.,Automobile and Auto Components,Stage 3,-6.26,-16.17,291633651.06,"Stage 3, weekly_vcp_ok, weekly_strong, distribution_risk",watchlist,22.45,24.95,1020.43,-26.51,"[12.41, 8.04]","[15, 18]",0.9,50.0,1.73,0.4
IOB.NS,Indian Overseas Bank,Financial Services,Stage 3,3.19,-6.98,258773109.27,"Stage 3, weekly_vcp_ok, weekly_strong, distribution_risk",watchlist,22.32,24.82,37.43,-12.39,"[17.26, 11.81]","[28, 15]",0.9,49.0,1.27,0.66
MAHSCOOTER.NS,Maharashtra Scooters Ltd.,Financial Services,Stage 3,-7.5,-27.33,82512343.7,"Stage 3, distribution_risk",watchlist,22.32,24.82,14163.74,-19.6,"[19.18, 12.08]","[39, 8]",0.9,49.0,1.77,0.82
AAVAS.NS,Aavas Financiers Ltd.,Financial Services,Stage 3,-9.79,-21.33,299547192.58,"Stage 3, distribution_risk",watchlist,22.2,24.7,1522.66,-25.22,"[18.17, 14.21]","[16, 27]",0.9,48.0,1.06,0.61
HBLENGINE.NS,HBL Engineering Ltd.,Capital Goods,Stage 4,-15.86,-12.05,876366925.2,"Stage 4, downtrend",watchlist,19.56,24.56,816.32,-18.24,"[32.25, 29.7]","[27, 14]",0.9,53.0,0.93,1.02
PIIND.NS,PI Industries Ltd.,Chemicals,Stage 3,-1.04,-11.9,688341088.77,"Stage 3, distribution_risk",watchlist,23.45,24.45,3400.36,-17.74,"[17.19, 9.65]","[28, 16]",0.9,58.0,1.01,0.86
INDGN.NS,Indegene Ltd.,Healthcare,Stage 3,3.24,-9.65,195062669.66,"Stage 3, weekly_vcp_ok, weekly_strong, distribution_risk",watchlist,19.45,24.45,512.65,-7.81,"[13.48, 9.84]","[13, 8]",0.9,26.0,1.04,0.45
PPLPHARMA.NS,Piramal Pharma Ltd.,Healthcare,Stage 4,-5.0,-17.93,487273476.85,"Stage 4, weekly_vcp_ok, weekly_strong, downtrend",watchlist,19.45,24.45,185.36,-23.3,"[21.09, 19.85]","[30, 15]",0.9,58.0,1.15,0.69
CAMPUS.NS,Campus Activewear Ltd.,Consumer Durables,Stage 3,0.24,-4.75,73949282.55,"Stage 3, distribution_risk",watchlist,24.4,24.4,284.75,-19.22,"[11.67, 8.41, 8.64]","[7, 14, 11]",0.95,52.0,0.92,0.55
LEMONTREE.NS,Lemon Tree Hotels Ltd.,Consumer Services,Stage 3,-19.6,-25.87,468099653.76,"Stage 3, distribution_risk",watchlist,24.37,24.37,135.64,-20.2,"[26.65, 26.43]","[25, 22]",0.9,56.0,0.88,0.74
GILLETTE.NS,Gillette India Ltd.,Fast Moving Consumer Goods,Stage 3,4.81,-10.63,200504213.65,"Stage 3, weekly_vcp_ok, weekly_strong, distribution_risk",watchlist,23.22,24.22,8903.05,-15.0,"[14.58, 13.0, 9.02]","[6, 15, 10]",0.95,49.0,1.09,0.97
CHAMBLFERT.NS,Chambal Fertilizers & Chemicals Ltd.,Chemicals,Stage 3,6.28,-2.18,396087064.0,"Stage 3, weekly_vcp_ok, weekly_strong, distribution_risk",watchlist,23.21,24.21,469.0,-3.54,"[14.68, 14.77]","[19, 22]",0.9,48.0,0.94,0.73
CHOICEIN.NS,Choice International Ltd.,Financial Services,Stage 3,-11.73,-11.68,467094222.29,"Stage 3, distribution_risk",watchlist,21.7,24.2,815.83,-22.24,"[15.38, 14.25]","[9, 19]",0.9,44.0,1.33,0.71
WHIRLPOOL.NS,Whirlpool of India Ltd.,Consumer Durables,Stage 3,3.02,-24.31,288060895.6,"Stage 3, distribution_risk",watchlist,24.08,24.08,945.6,-13.87,"[38.23, 21.45]","[26, 28]",0.9,63.0,1.06,0.27
HUDCO.NS,Housing & Urban Development Corporation Ltd.,Financial Services,Stage 3,-12.97,-14.58,677991475.86,"Stage 3, distribution_risk",watchlist,21.57,24.07,201.86,-16.78,"[23.39, 17.49]","[19, 16]",0.9,43.0,1.01,0.67
BHARTIHEXA.NS,Bharti Hexacom Ltd.,Telecommunication,Stage 3,-4.85,0.29,286146523.28,"Stage 3, distribution_risk",watchlist,23.91,23.91,1746.35,-13.72,"[17.69, 16.82]","[21, 24]",0.9,53.0,1.58,1.27
DABUR.NS,Dabur India Ltd.,Fast Moving Consumer Goods,Stage 3,-4.71,-7.02,801075368.45,"Stage 3, weekly_vcp_ok, weekly_strong, distribution_risk",watchlist,22.82,23.82,533.0,-21.72,"[8.29, 7.35]","[29, 5]",0.9,53.0,1.23,0.63
DIXON.NS,Dixon Technologies (India) Ltd.,Consumer Durables,Stage 4,-5.59,-32.64,8084342638.82,"Stage 4, downtrend",watchlist,23.53,23.53,13847.19,-28.36,"[37.65, 18.71]","[50, 18]",0.9,75.0,0.93,1.67
KPIL.NS,Kalpataru Projects International Ltd.,Construction,Stage 3,7.56,-3.02,222198904.97,"Stage 3, distribution_risk",watchlist,23.15,23.15,1251.69,-11.63,"[16.37, 13.62]","[30, 13]",0.9,52.0,1.2,0.52
TECHNOE.NS,Techno Electric & Engineering Company Ltd.,Construction,Stage 3,9.41,-13.36,240860825.53,"Stage 3, distribution_risk",watchlist,22.87,22.87,1217.83,-13.83,"[24.22, 13.88]","[23, 6]",0.9,51.0,0.97,0.75
HDFCBANK.NS,HDFC Bank Ltd.,Financial Services,Stage 3,-11.81,-13.11,47799974081.85,"Stage 3, distribution_risk",watchlist,20.32,22.82,850.39,-11.7,"[10.08, 9.36]","[15, 8]",0.9,28.0,1.84,1.16
IREDA.NS,Indian Renewable Energy Development Agency Ltd.,Financial Services,Stage 4,-4.97,-14.46,1111969153.37,"Stage 4, weekly_vcp_ok, weekly_strong, downtrend",watchlist,20.2,22.7,148.95,-22.83,"[17.63, 16.78]","[28, 23]",0.9,89.0,1.21,1.0
DBREALTY.NS,Valor Estate Ltd.,Consumer Services,Stage 3,-11.2,-36.18,229161327.14,"Stage 3, distribution_risk",watchlist,22.57,22.57,137.24,-34.04,"[28.31, 24.21]","[18, 23]",0.9,51.0,1.02,0.46
MPHASIS.NS,MphasiS Ltd.,Information Technology,Stage 3,-8.39,-9.61,1317106859.8,"Stage 3, distribution_risk",watchlist,22.45,22.45,2980.21,-25.85,"[11.29, 6.98]","[11, 20]",0.9,44.0,1.12,1.19
SBFC.NS,SBFC Finance Ltd.,Financial Services,Stage 3,-8.71,-14.65,178975935.26,"Stage 3, distribution_risk",watchlist,19.95,22.45,97.75,-15.53,"[23.68, 10.67]","[10, 14]",0.9,30.0,1.05,0.24
BLUEJET.NS,Blue Jet Healthcare Ltd.,Healthcare,Stage 4,-20.16,-36.29,232803602.91,"Stage 4, downtrend",watchlist,17.44,22.44,453.79,-21.25,"[31.53, 22.17]","[28, 5]",0.9,39.0,0.96,0.49
SRF.NS,SRF Ltd.,Chemicals,Stage 4,-8.85,-5.61,1702341096.44,"Stage 4, downtrend",watchlist,21.36,22.36,3137.21,-22.99,"[13.64, 10.32]","[21, 40]",0.9,68.0,1.35,1.29
VENTIVE.NS,Ventive Hospitality Ltd.,Consumer Services,Stage 3,-12.29,-11.26,63467418.21,"Stage 3, weekly_vcp_ok, weekly_strong, distribution_risk",watchlist,22.32,22.32,795.34,-27.8,"[9.8, 9.55]","[24, 14]",0.9,49.0,1.33,0.94
NCC.NS,NCC Ltd.,Construction,Stage 4,0.76,-23.31,481161155.56,"Stage 4, downtrend",watchlist,22.11,22.11,166.79,-15.04,"[29.94, 16.77, 16.66, 12.24]","[33, 17, 7, 5]",1.0,86.0,0.99,0.51
NIACL.NS,The New India Assurance Company Ltd.,Financial Services,Stage 3,-8.48,-26.6,75620170.72,"Stage 3, distribution_risk",watchlist,19.57,22.07,155.67,-20.84,"[14.79, 11.24]","[8, 12]",0.9,27.0,1.56,0.88
TRITURBINE.NS,Triveni Turbine Ltd.,Capital Goods,Stage 4,-1.6,-2.98,172122338.9,"Stage 4, downtrend",watchlist,17.04,22.04,498.22,-7.54,"[17.14, 13.39]","[22, 8]",0.9,35.0,0.95,0.46
RITES.NS,RITES Ltd.,Construction,Stage 3,-8.35,-13.95,135278932.5,"Stage 3, weekly_vcp_ok, weekly_strong, distribution_risk",watchlist,21.82,21.82,233.41,-18.28,"[16.4, 16.94]","[12, 21]",0.9,45.0,1.18,0.98
PNB.NS,Punjab National Bank,Financial Services,Stage 3,-3.02,3.28,2224594857.47,"Stage 3, distribution_risk",watchlist,18.98,21.48,132.96,-21.42,"[12.58, 8.88]","[9, 9]",0.9,19.0,1.02,1.09
TATACHEM.NS,Tata Chemicals Ltd.,Chemicals,Stage 4,-2.41,-21.68,667638764.15,"Stage 4, downtrend",watchlist,20.45,21.45,726.9,-10.32,"[12.25, 10.54]","[9, 9]",0.9,26.0,2.38,21.52
JYOTHYLAB.NS,Jyothy Labs Ltd.,Fast Moving Consumer Goods,Stage 3,-13.96,-24.35,143196699.31,"Stage 3, weekly_vcp_ok, weekly_strong, distribution_risk",watchlist,20.32,21.32,261.5,-20.44,"[16.96, 9.05]","[19, 7]",0.9,33.0,1.25,0.61
LTTS.NS,L&T Technology Services Ltd.,Information Technology,Stage 4,-12.54,-7.8,1097694127.93,"Stage 4, volume_dryup, downtrend",watchlist,21.27,21.27,3936.88,-14.97,"[22.58, 23.41]","[26, 21]",0.9,54.0,0.77,0.31
TCS.NS,Tata Consultancy Services Ltd.,Information Technology,Stage 4,-9.74,-5.64,9452175241.86,"Stage 4, weekly_vcp_ok, weekly_strong, downtrend",watchlist,21.23,21.23,3355.86,-26.97,"[4.44, 4.08]","[10, 32]",0.9,62.0,1.08,1.32
VBL.NS,Varun Beverages Ltd.,Fast Moving Consumer Goods,Stage 4,-5.15,-2.75,2859800504.35,"Stage 4, weekly_vcp_ok, weekly_strong, downtrend",watchlist,20.2,21.2,512.55,-21.24,"[11.87, 11.78]","[17, 44]",0.9,69.0,1.2,0.59
AWL.NS,AWL Agri Business Ltd.,Fast Moving Consumer Goods,Stage 4,-10.15,-21.78,1197567199.58,"Stage 4, weekly_vcp_ok, weekly_strong, downtrend",watchlist,20.2,21.2,251.0,-26.81,"[27.85, 22.19]","[45, 27]",0.9,78.0,1.79,0.45
JMFINANCIL.NS,JM Financial Ltd.,Financial Services,Stage 4,-7.52,-17.12,404655500.63,"Stage 4, weekly_vcp_ok, weekly_strong, downtrend",watchlist,18.58,21.08,145.15,-17.23,"[23.38, 20.98]","[22, 12]",0.9,46.0,0.94,0.56
BIKAJI.NS,Bikaji Foods International Ltd.,Fast Moving Consumer Goods,Stage 4,-3.94,-5.74,86498454.13,"Stage 4, downtrend",watchlist,20.02,21.02,681.19,-7.96,"[21.93, 12.86]","[16, 23]",0.9,53.0,0.88,0.51
TATATECH.NS,Tata Technologies Ltd.,Information Technology,Stage 3,-2.85,-11.04,689902483.12,"Stage 3, weekly_vcp_ok, distribution_risk",watchlist,20.82,20.82,562.53,-3.81,"[7.68, 5.38]","[15, 20]",0.9,37.0,1.46,0.82
JIOFIN.NS,Jio Financial Services Ltd.,Financial Services,Stage 4,-9.11,-14.56,4068179053.4,"Stage 4, downtrend",watchlist,18.18,20.68,274.83,-16.5,"[22.55, 17.51]","[16, 18]",0.9,40.0,1.26,1.24
CROMPTON.NS,Crompton Greaves Consumer Electricals Ltd.,Consumer Durables,Stage 3,4.37,-13.15,487089633.84,"Stage 3, volume_dryup, distribution_risk",watchlist,20.42,20.42,275.25,-15.75,"[16.47, 17.74, 13.11]","[36, 29, 13]",0.55,91.0,0.75,0.66
PNBHOUSING.NS,PNB Housing Finance Ltd.,Financial Services,Stage 4,-5.13,-1.97,803076354.41,"Stage 4, downtrend",watchlist,17.76,20.26,872.1,-10.06,"[23.22, 16.33]","[19, 19]",0.9,43.0,0.98,0.91
SHREECEM.NS,Shree Cement Ltd.,Construction Materials,Stage 4,-0.55,-14.13,864398640.25,"Stage 4, downtrend",watchlist,20.2,20.2,28090.0,-17.68,"[12.91, 7.97]","[21, 18]",0.9,82.0,1.06,0.64
RPOWER.NS,Reliance Power Ltd.,Power,Stage 4,-22.6,-41.69,1335273460.72,"Stage 4, weekly_vcp_ok, weekly_strong, downtrend",watchlist,14.89,19.89,40.87,-44.61,"[32.15, 34.2, 33.76]","[29, 30, 22]",0.55,88.0,1.25,1.25
BRIGADE.NS,Brigade Enterprises Ltd.,Realty,Stage 4,-9.87,-14.68,1036785985.14,"Stage 4, weekly_vcp_ok, weekly_strong, downtrend",watchlist,19.82,19.82,906.58,-24.16,"[21.59, 20.69]","[26, 17]",0.9,61.0,3.08,0.43
AFFLE.NS,Affle 3i Ltd.,Information Technology,Stage 4,-8.56,-19.46,508182851.03,"Stage 4, downtrend",watchlist,19.57,19.57,1832.3,-22.41,"[19.42, 17.56]","[26, 14]",0.9,59.0,1.56,0.72
ASTRAL.NS,Astral Ltd.,Capital Goods,Stage 3,24.32,21.65,1286688137.44,"Stage 3, distribution_risk",watchlist,14.48,19.48,1771.8,-12.32,[11.85],[9],0.0,9.0,0.93,2.02
ABREL.NS,Aditya Birla Real Estate Ltd.,Forest Materials,Stage 4,-19.22,-23.55,327369968.95,"Stage 4, downtrend",watchlist,19.45,19.45,1477.58,-22.54,"[32.96, 26.77]","[29, 23]",0.9,58.0,1.33,0.53
COROMANDEL.NS,Coromandel International Ltd.,Chemicals,Stage 3,-4.36,-7.89,848358370.93,"Stage 3, weekly_vcp_ok, distribution_risk",watchlist,17.9,18.9,2493.54,-24.67,"[8.67, 9.75, 7.98]","[6, 6, 6]",0.55,84.0,1.2,0.88
TORNTPHARM.NS,Torrent Pharmaceuticals Ltd.,Healthcare,Stage 3,16.71,19.81,1695254121.45,"Stage 3, weekly_vcp_ok, weekly_strong, distribution_risk",watchlist,13.86,18.86,4484.3,-11.09,[10.04],[8],0.0,8.0,1.01,2.13
CYIENT.NS,Cyient Ltd.,Information Technology,Stage 4,-15.56,-21.08,278895385.88,"Stage 4, downtrend",watchlist,18.59,18.59,1184.97,-32.08,"[9.94, 9.9]","[7, 18]",0.9,43.0,1.24,1.25
AIAENG.NS,AIA Engineering Ltd.,Capital Goods,Stage 1,5.51,27.62,365554929.5,"Stage 1, stage1_base_ready, stage1_not_actionable",watchlist,13.54,18.54,3974.6,-7.51,[15.72],[22],0.0,22.0,1.32,0.37
NTPC.NS,NTPC Ltd.,Power,Stage 3,22.39,15.06,5586767841.15,"Stage 3, distribution_risk",watchlist,13.51,18.51,395.19,-8.99,[9.08],[28],0.0,28.0,1.14,1.32
HINDALCO.NS,Hindalco Industries Ltd.,Metals & Mining,Stage 3,15.77,29.43,6836438136.26,"Stage 3, distribution_risk",watchlist,13.08,18.08,985.22,-7.0,[9.25],[29],0.0,29.0,1.02,1.11
HINDCOPPER.NS,Hindustan Copper Ltd.,Metals & Mining,Stage 3,8.12,63.12,6381759634.31,"Stage 3, volume_dryup, distribution_risk",watchlist,12.65,17.65,592.59,-16.44,[5.23],[24],0.0,24.0,0.64,0.72
JSWENERGY.NS,JSW Energy Ltd.,Power,Stage 1,14.23,0.79,2138965647.77,"Stage 1, weekly_vcp_ok, weekly_strong, stage1_not_actionable, stage1_needs_more_base",watchlist,12.58,17.58,530.5,-7.43,"[17.33, 18.38]","[16, 15]",0.1,49.0,1.27,0.88
LAURUSLABS.NS,Laurus Labs Ltd.,Healthcare,Stage 3,6.56,31.99,1962511434.82,"Stage 3, distribution_risk",watchlist,12.58,17.58,1105.48,-5.66,[15.16],[14],0.0,14.0,1.09,1.49
OLAELEC.NS,Ola Electric Mobility Ltd.,Automobile and Auto Components,Stage 3,-9.36,-39.88,2258246064.27,"Stage 3, distribution_risk",watchlist,14.8,17.3,45.95,-38.32,"[46.92, 51.49]","[42, 47]",0.1,101.0,1.63,6.94
DRREDDY.NS,Dr. Reddy's Laboratories Ltd.,Healthcare,Stage 1,8.18,6.47,2441374238.2,"Stage 1, stage1_not_actionable, stage1_needs_more_base",watchlist,12.07,17.07,1337.3,-8.97,[11.18],[22],0.0,22.0,1.21,1.99
JBCHEPHARM.NS,J.B. Chemicals & Pharmaceuticals Ltd.,Healthcare,Stage 3,20.92,23.65,779607316.37,"Stage 3, distribution_risk",watchlist,11.8,16.8,2195.0,-10.66,[8.42],[16],0.0,16.0,0.97,0.63
PFC.NS,Power Finance Corporation Ltd.,Financial Services,Stage 1,27.64,9.64,3894691805.55,"Stage 1, stage1_base_ready, stage1_not_actionable",watchlist,14.1,16.6,432.28,-6.95,[9.84],[19],0.0,19.0,1.13,0.99
RHIM.NS,RHI MAGNESITA INDIA LTD.,Capital Goods,Stage 3,-8.27,-9.83,92962365.27,"Stage 3, distribution_risk",watchlist,11.52,16.52,500.47,-27.27,"[13.82, 15.73]","[22, 27]",0.1,65.0,0.83,0.26
PFIZER.NS,Pfizer Ltd.,Healthcare,Stage 3,10.42,7.5,99725561.18,"Stage 3, weekly_vcp_ok, volume_dryup, distribution_risk",watchlist,11.42,16.42,5266.2,-7.2,[12.83],[45],0.0,45.0,0.41,0.75
HDFCAMC.NS,HDFC Asset Management Company Ltd.,Financial Services,Stage 4,0.33,-8.59,3335786547.59,"Stage 4, weekly_vcp_ok, weekly_strong, downtrend",watchlist,13.9,16.4,2906.58,-19.2,"[11.66, 9.91, 10.71]","[13, 18, 6]",0.55,69.0,1.48,0.96
JINDALSTEL.NS,Jindal Steel Ltd.,Metals & Mining,Stage 3,20.42,16.94,1699386745.01,"Stage 3, distribution_risk",watchlist,11.15,16.15,1274.33,-10.71,[11.01],[18],0.0,18.0,0.97,0.99
TATASTEEL.NS,Tata Steel Ltd.,Metals & Mining,Stage 3,20.24,22.76,7339503920.31,"Stage 3, distribution_risk",watchlist,10.8,15.8,216.83,-10.46,[16.26],[12],0.0,12.0,1.01,0.78
AJANTPHARM.NS,Ajanta Pharmaceuticals Ltd.,Healthcare,Stage 3,14.79,22.37,364720420.26,"Stage 3, weekly_vcp_ok, weekly_strong, distribution_risk",watchlist,10.55,15.55,3233.65,-13.68,[12.13],[10],0.0,10.0,0.89,0.48
IPCALAB.NS,Ipca Laboratories Ltd.,Healthcare,Stage 3,19.8,16.42,407055874.32,"Stage 3, weekly_vcp_ok, weekly_strong, distribution_risk",watchlist,10.37,15.37,1626.84,-8.52,[12.06],[14],0.0,14.0,1.47,0.91
TATAPOWER.NS,Tata Power Co. Ltd.,Power,Stage 1,13.86,7.09,3897005547.94,"Stage 1, stage1_not_actionable, stage1_needs_more_base",watchlist,10.28,15.28,419.18,-8.15,[12.99],[16],0.0,16.0,1.72,1.55
RBLBANK.NS,RBL Bank Ltd.,Financial Services,Stage 3,7.75,16.23,1258732201.52,"Stage 3, volume_dryup, distribution_risk",watchlist,12.75,15.25,334.58,-10.04,[14.75],[11],0.0,11.0,0.75,1.37
SUNPHARMA.NS,Sun Pharmaceutical Industries Ltd.,Healthcare,Stage 1,11.56,15.13,5424670914.32,"Stage 1, weekly_vcp_ok, stage1_not_actionable, stage1_needs_more_base",watchlist,10.14,15.14,1846.23,-8.27,[12.34],[15],0.0,15.0,1.04,1.4
MCX.NS,Multi Commodity Exchange of India Ltd.,Financial Services,Stage 3,22.13,61.72,9697454056.7,"Stage 3, distribution_risk",watchlist,12.5,15.0,2707.43,-9.77,[19.85],[12],0.0,12.0,1.12,0.68
JBMA.NS,JBM Auto Ltd.,Automobile and Auto Components,Stage 4,1.97,-9.36,3199134769.96,"Stage 4, downtrend",watchlist,12.4,14.9,691.2,-18.74,"[19.62, 21.85, 23.94, 22.87]","[15, 34, 13, 27]",0.47,118.0,4.31,0.67
ABBOTINDIA.NS,Abbott India Ltd.,Healthcare,Stage 3,3.0,-3.52,280349518.25,"Stage 3, weekly_vcp_ok, weekly_strong, distribution_risk",watchlist,9.8,14.8,29301.19,-10.29,"[10.52, 11.11]","[17, 42]",0.1,67.0,1.26,0.48
BDL.NS,Bharat Dynamics Ltd.,Capital Goods,Stage 3,-6.43,-12.75,2455141311.14,"Stage 3, distribution_risk",watchlist,9.8,14.8,1588.25,-25.35,"[20.06, 22.0]","[24, 25]",0.1,64.0,1.11,0.81
ATUL.NS,Atul Ltd.,Chemicals,Stage 3,14.96,12.31,199383166.55,"Stage 3, distribution_risk",watchlist,13.43,14.43,6903.5,-8.8,"[10.38, 11.22, 12.3]","[15, 6, 6]",0.15,77.0,1.3,0.48
CIPLA.NS,Cipla Ltd.,Healthcare,Stage 3,-8.67,-11.99,2011908326.89,"Stage 3, distribution_risk",watchlist,9.34,14.34,1381.3,-13.68,[16.69],[49],0.0,49.0,0.99,1.78
TITAN.NS,Titan Company Ltd.,Consumer Durables,Stage 3,13.56,28.34,3986144464.78,"Stage 3, distribution_risk",watchlist,14.06,14.06,4359.82,-6.02,[10.88],[15],0.0,15.0,1.22,1.75
TTML.NS,Tata Teleservices (Maharashtra) Ltd.,Telecommunication,Stage 3,-14.21,-25.96,219932945.82,"Stage 3, weekly_vcp_ok, weekly_strong, distribution_risk",watchlist,14.05,14.05,47.85,-24.01,"[23.57, 25.03]","[24, 33]",0.1,58.0,2.35,4.25
JINDALSAW.NS,Jindal Saw Ltd.,Capital Goods,Stage 3,26.64,2.36,2741582783.68,"Stage 3, weekly_vcp_ok, volume_dryup, weekly_strong, distribution_risk",watchlist,9.02,14.02,211.37,-9.26,[20.03],[17],0.0,17.0,0.26,0.23
FEDERALBNK.NS,Federal Bank Ltd.,Financial Services,Stage 3,11.86,47.58,2620409726.6,"Stage 3, distribution_risk",watchlist,11.5,14.0,302.53,-12.22,[10.62],[16],0.0,16.0,1.11,0.59
CARBORUNIV.NS,Carborundum Universal Ltd.,Capital Goods,Stage 3,15.71,0.89,118140358.57,"Stage 3, weekly_vcp_ok, distribution_risk",watchlist,8.91,13.91,866.26,-1.42,[14.2],[18],0.0,18.0,1.03,3.72
HONASA.NS,Honasa Consumer Ltd.,Fast Moving Consumer Goods,Stage 3,16.78,14.79,201363558.46,"Stage 3, weekly_vcp_ok, weekly_strong, distribution_risk",watchlist,12.62,13.62,313.45,-3.01,[17.99],[20],0.0,20.0,0.8,0.57
POWERGRID.NS,Power Grid Corporation of India Ltd.,Power,Stage 1,23.25,14.13,5735118722.7,"Stage 1, weekly_vcp_ok, weekly_strong, stage1_not_actionable, stage1_needs_more_base",watchlist,8.61,13.61,311.7,-6.98,[8.41],[7],0.0,7.0,1.08,0.95
MARICO.NS,Marico Ltd.,Fast Moving Consumer Goods,Stage 3,13.87,16.84,1486371439.65,"Stage 3, weekly_vcp_ok, weekly_strong, distribution_risk",watchlist,12.48,13.48,814.92,-6.57,[9.19],[18],0.0,18.0,1.11,1.54
ALKEM.NS,Alkem Laboratories Ltd.,Healthcare,Stage 3,9.35,5.43,621191681.02,"Stage 3, distribution_risk",watchlist,8.48,13.48,5791.62,-9.21,[8.89],[12],0.0,12.0,0.95,0.54
APLAPOLLO.NS,APL Apollo Tubes Ltd.,Capital Goods,Stage 3,11.66,19.86,1353047358.91,"Stage 3, weekly_vcp_ok, volume_dryup, weekly_strong, distribution_risk",watchlist,8.43,13.43,2256.64,-15.84,[18.65],[21],0.0,21.0,0.73,0.62
JWL.NS,Jupiter Wagons Ltd.,Capital Goods,Stage 3,-12.03,-15.72,2438344950.94,"Stage 3, volume_dryup, distribution_risk",watchlist,8.43,13.43,331.93,-22.69,[31.28],[49],0.0,49.0,0.77,0.35
AXISBANK.NS,Axis Bank Ltd.,Financial Services,Stage 1,6.8,13.68,10358559426.2,"Stage 1, weekly_vcp_ok, weekly_strong, stage1_not_actionable, stage1_needs_more_base",watchlist,10.89,13.39,1418.3,-15.54,"[6.68, 7.21]","[13, 8]",0.1,54.0,1.16,1.23
UNOMINDA.NS,UNO Minda Ltd.,Automobile and Auto Components,Stage 3,-7.76,-12.29,1172328053.64,"Stage 3, distribution_risk",watchlist,10.35,12.85,1255.0,-18.29,"[18.25, 20.8]","[12, 21]",0.1,48.0,1.05,1.64
HOMEFIRST.NS,Home First Finance Company India Ltd.,Financial Services,Stage 3,-0.53,-11.31,419523290.78,"Stage 3, volume_dryup, distribution_risk",watchlist,10.18,12.68,1262.2,-24.0,"[13.94, 15.44]","[10, 21]",0.1,35.0,0.55,0.35
GRAVITA.NS,Gravita India Ltd.,Metals & Mining,Stage 3,-17.85,-11.41,477616670.1,"Stage 3, distribution_risk",watchlist,7.48,12.48,1658.8,-21.93,[23.7],[20],0.0,20.0,1.95,2.24
KARURVYSYA.NS,Karur Vysya Bank Ltd.,Financial Services,Stage 3,15.78,35.35,1080013915.85,"Stage 3, distribution_risk",watchlist,9.93,12.43,344.05,-20.75,[10.61],[11],0.0,11.0,1.05,1.86
RRKABEL.NS,R R Kabel Ltd.,Capital Goods,Stage 1,5.49,17.65,264808465.07,"Stage 1, volume_dryup, stage1_not_actionable, stage1_needs_more_base",watchlist,7.41,12.41,1580.96,-15.65,[17.26],[14],0.0,14.0,0.5,0.33
HINDZINC.NS,Hindustan Zinc Ltd.,Metals & Mining,Stage 3,-3.35,18.52,3501424342.03,"Stage 3, weekly_vcp_ok, volume_dryup, weekly_strong, distribution_risk",watchlist,7.39,12.39,625.89,-17.6,[21.56],[15],0.0,15.0,0.58,0.33
ARE&M.NS,Amara Raja Energy & Mobility Ltd.,Automobile and Auto Components,Stage 3,-6.21,-17.25,346783221.96,"Stage 3, distribution_risk",watchlist,9.85,12.35,944.65,-22.93,"[12.3, 14.09]","[40, 18]",0.1,62.0,1.56,1.08
HEG.NS,H.E.G. Ltd.,Capital Goods,Stage 3,0.6,16.22,2249604123.98,"Stage 3, distribution_risk",watchlist,7.33,12.33,600.0,-8.33,[9.32],[35],0.0,35.0,2.51,0.5
FORCEMOT.NS,Force Motors Ltd.,Automobile and Auto Components,Stage 3,15.16,32.48,2284596549.0,"Stage 3, volume_dryup, distribution_risk",watchlist,9.69,12.19,25845.15,-18.26,[25.33],[17],0.0,17.0,0.72,0.87
WELSPUNLIV.NS,Welspun Living Ltd.,Textiles,Stage 3,1.25,9.01,220753112.37,"Stage 3, weekly_vcp_ok, volume_dryup, weekly_strong, distribution_risk",watchlist,9.65,12.15,143.15,-18.99,[25.75],[37],0.0,37.0,0.55,0.35
FACT.NS,Fertilisers and Chemicals Travancore Ltd.,Chemicals,Stage 3,-2.76,-7.21,2396111022.35,"Stage 3, volume_dryup, distribution_risk",watchlist,11.0,12.0,930.43,-16.84,[29.33],[56],0.0,56.0,0.41,0.2
CRISIL.NS,CRISIL Ltd.,Financial Services,Stage 3,-1.17,-10.36,249406456.01,"Stage 3, weekly_vcp_ok, weekly_strong, distribution_risk",watchlist,9.43,11.93,4623.76,-19.85,"[9.36, 10.62]","[8, 8]",0.1,21.0,1.74,3.26
BIOCON.NS,Biocon Ltd.,Healthcare,Stage 3,1.94,11.52,1368362216.2,"Stage 3, distribution_risk",watchlist,6.81,11.81,402.8,-12.48,[11.64],[19],0.0,19.0,1.23,1.77
MAXHEALTH.NS,Max Healthcare Institute Ltd.,Healthcare,Stage 3,2.82,-7.18,3006797669.1,"Stage 3, distribution_risk",watchlist,6.74,11.74,1114.5,-15.24,[21.22],[48],0.0,48.0,0.93,0.61
GRAPHITE.NS,Graphite India Ltd.,Capital Goods,Stage 3,11.82,24.73,1162756820.9,"Stage 3, weekly_vcp_ok, weekly_strong, distribution_risk",watchlist,6.63,11.63,748.31,-14.77,[14.25],[5],0.0,5.0,1.49,0.47
IDEA.NS,Vodafone Idea Ltd.,Telecommunication,Stage 3,-7.82,12.0,4911259657.97,"Stage 3, distribution_risk",watchlist,11.26,11.26,12.82,-33.09,[8.42],[65],0.0,65.0,1.19,1.71
BHARATFORG.NS,Bharat Forge Ltd.,Automobile and Auto Components,Stage 3,25.49,47.11,2500018929.54,"Stage 3, distribution_risk",watchlist,8.72,11.22,1938.89,-15.28,[9.28],[10],0.0,10.0,0.89,0.62
DEVYANI.NS,Devyani International Ltd.,Consumer Services,Stage 3,-22.39,-35.38,403037258.18,"Stage 3, weekly_vcp_ok, weekly_strong, distribution_risk",watchlist,11.16,11.16,159.94,-39.71,"[27.98, 31.34]","[41, 16]",0.1,67.0,0.86,0.91
CESC.NS,CESC Ltd.,Power,Stage 3,3.9,5.84,422274377.29,"Stage 3, volume_dryup, distribution_risk",watchlist,6.08,11.08,165.89,-7.62,[22.28],[15],0.0,15.0,0.68,0.72
ENGINERSIN.NS,Engineers India Ltd.,Construction,Stage 3,12.83,13.3,658227245.34,"Stage 3, volume_dryup, distribution_risk",watchlist,10.99,10.99,235.33,-14.78,[20.41],[35],0.0,35.0,0.29,0.37
CANFINHOME.NS,Can Fin Homes Ltd.,Financial Services,Stage 3,0.88,18.27,129992654.9,"Stage 3, distribution_risk",watchlist,8.48,10.98,916.6,-10.26,[18.55],[32],0.0,32.0,0.9,0.49
CEATLTD.NS,Ceat Ltd.,Automobile and Auto Components,Stage 3,0.78,8.3,518508741.29,"Stage 3, volume_dryup, distribution_risk",watchlist,8.41,10.91,3905.82,-13.76,[21.29],[28],0.0,28.0,0.59,0.41
CGPOWER.NS,CG Power and Industrial Solutions Ltd.,Capital Goods,Stage 1,17.63,-0.92,2116835038.64,"Stage 1, volume_dryup, stage1_not_actionable, stage1_needs_more_base",watchlist,5.8,10.8,750.31,-9.36,[20.5],[12],0.0,12.0,0.74,0.54
PAGEIND.NS,Page Industries Ltd.,Textiles,Stage 3,8.23,-9.25,785118261.0,"Stage 3, distribution_risk",watchlist,8.25,10.75,33561.22,1.14,[17.58],[26],0.0,26.0,1.15,3.15
AARTIIND.NS,Aarti Industries Ltd.,Chemicals,Stage 3,21.74,17.49,406407810.91,"Stage 3, weekly_vcp_ok, volume_dryup, weekly_strong, distribution_risk",watchlist,9.7,10.7,462.95,-11.72,[15.86],[18],0.0,18.0,0.65,0.79
IFCI.NS,IFCI Ltd.,Financial Services,Stage 3,11.57,6.58,1314670521.06,"Stage 3, weekly_vcp_ok, volume_dryup, weekly_strong, distribution_risk",watchlist,8.19,10.69,62.03,-15.46,[24.25],[19],0.0,19.0,0.45,0.5
EIHOTEL.NS,EIH Ltd.,Consumer Services,Stage 3,-9.3,-13.27,229692582.78,"Stage 3, volume_dryup, distribution_risk",watchlist,10.68,10.68,375.26,-23.2,"[17.94, 19.79]","[15, 17]",0.1,39.0,0.29,0.25
HDFCLIFE.NS,HDFC Life Insurance Company Ltd.,Financial Services,Stage 3,-12.07,-17.3,2520199903.3,"Stage 3, weekly_vcp_ok, weekly_strong, distribution_risk",watchlist,8.16,10.66,747.06,-24.22,[11.93],[40],0.0,40.0,1.34,1.79
SCI.NS,Shipping Corporation of India Ltd.,Services,Stage 3,12.35,14.17,917659475.85,"Stage 3, weekly_vcp_ok, volume_dryup, weekly_strong, distribution_risk",watchlist,8.15,10.65,272.88,-16.24,[18.29],[12],0.0,12.0,0.45,0.42
SAPPHIRE.NS,Sapphire Foods India Ltd.,Consumer Services,Stage 4,-27.67,-39.66,203398595.39,"Stage 4, downtrend",watchlist,10.55,10.55,265.86,-42.09,"[28.7, 32.4]","[34, 19]",0.1,62.0,1.34,3.36
ELGIEQUIP.NS,Elgi Equipments Ltd.,Capital Goods,Stage 1,13.69,8.53,226809751.01,"Stage 1, volume_dryup, stage1_not_actionable, stage1_needs_more_base",watchlist,5.51,10.51,553.47,-13.33,[16.11],[12],0.0,12.0,0.72,0.79
KIRLOSBROS.NS,Kirloskar Brothers Ltd.,Capital Goods,Stage 3,-0.38,-19.4,386208736.64,"Stage 3, volume_dryup, distribution_risk",watchlist,5.5,10.5,1674.93,-16.18,[13.95],[12],0.0,12.0,0.54,0.4
ALOKINDS.NS,Alok Industries Ltd.,Textiles,Stage 4,-9.9,-20.37,89769081.98,"Stage 4, weekly_vcp_ok, weekly_strong, downtrend",watchlist,7.93,10.43,17.21,-27.66,"[16.48, 18.65]","[36, 9]",0.1,66.0,1.56,1.53
MAZDOCK.NS,Mazagoan Dock Shipbuilders Ltd.,Capital Goods,Stage 3,3.66,-9.37,7681309122.67,"Stage 3, weekly_vcp_ok, weekly_strong, distribution_risk",watchlist,5.23,10.23,2564.48,-11.69,[17.54],[21],0.0,21.0,1.31,1.65
GLAND.NS,Gland Pharma Ltd.,Healthcare,Stage 1,13.69,-5.89,151384824.58,"Stage 1, volume_dryup, stage1_not_actionable, stage1_needs_more_base",watchlist,5.16,10.16,1877.98,-10.08,[16.06],[11],0.0,11.0,0.59,0.58
INDUSTOWER.NS,Indus Towers Ltd.,Telecommunication,Stage 3,13.89,30.24,1829676749.46,"Stage 3, distribution_risk",watchlist,10.06,10.06,444.53,-4.43,[11.76],[8],0.0,8.0,0.93,0.66
MEDANTA.NS,Global Health Ltd.,Healthcare,Stage 3,-3.24,-16.02,227274664.08,"Stage 3, weekly_vcp_ok, weekly_strong, distribution_risk",watchlist,4.73,9.73,1174.35,-14.81,[18.54],[14],0.0,14.0,1.85,1.75
KAYNES.NS,Kaynes Technology India Ltd.,Capital Goods,Stage 4,0.6,-41.94,5081759364.48,"Stage 4, downtrend",watchlist,4.7,9.7,4184.31,-15.45,[57.24],[76],0.0,76.0,0.93,0.99
POLICYBZR.NS,PB Fintech Ltd.,Financial Services,Stage 3,-10.8,-7.04,2170156767.49,"Stage 3, volume_dryup, distribution_risk",watchlist,7.19,9.69,1550.96,-8.0,[20.79],[29],0.0,29.0,0.64,0.4
ASHOKLEY.NS,Ashok Leyland Ltd.,Capital Goods,Stage 3,-4.72,12.81,4873699913.26,"Stage 3, distribution_risk",watchlist,4.65,9.65,214.47,-30.79,[7.81],[12],0.0,12.0,1.48,1.59
ZFCVINDIA.NS,ZF Commercial Vehicle Control Systems India Ltd.,Automobile and Auto Components,Stage 1,6.36,19.88,220702932.25,"Stage 1, weekly_vcp_ok, weekly_strong, stage1_not_actionable, stage1_needs_more_base",watchlist,6.84,9.34,16003.96,-12.68,[14.88],[14],0.0,14.0,1.21,1.25
RELIANCE.NS,Reliance Industries Ltd.,Oil Gas & Consumable Fuels,Stage 3,-1.57,6.25,28545906967.85,"Stage 3, distribution_risk",watchlist,4.34,9.34,1440.5,-6.25,[12.25],[20],0.0,20.0,1.18,1.34
ANGELONE.NS,Angel One Ltd.,Financial Services,Stage 3,16.85,23.05,1948743245.91,"Stage 3, distribution_risk",watchlist,6.74,9.24,253.5,-4.99,[25.72],[22],0.0,22.0,1.08,0.89
TORNTPOWER.NS,Torrent Power Ltd.,Power,Stage 1,15.44,17.82,867241573.43,"Stage 1, weekly_vcp_ok, weekly_strong, stage1_not_actionable, stage1_needs_more_base",watchlist,4.23,9.23,1607.81,-17.14,[16.93],[5],0.0,5.0,0.95,1.2
LATENTVIEW.NS,Latent View Analytics Ltd.,Information Technology,Stage 3,-19.52,-14.49,1235902438.27,"Stage 3, distribution_risk",watchlist,9.12,9.12,438.6,-28.84,[26.76],[33],0.0,33.0,3.21,62.79
DELHIVERY.NS,Delhivery Ltd.,Services,Stage 3,17.98,4.77,764011364.42,"Stage 3, distribution_risk",watchlist,6.56,9.06,447.48,-4.74,[12.14],[11],0.0,11.0,1.03,0.63
BANKINDIA.NS,Bank of India,Financial Services,Stage 3,9.18,25.04,1440262107.98,"Stage 3, distribution_risk",watchlist,6.54,9.04,178.67,-22.11,[9.72],[9],0.0,9.0,0.8,0.74
FSL.NS,Firstsource Solutions Ltd.,Services,Stage 3,-21.29,-23.94,339989154.78,"Stage 3, distribution_risk",watchlist,6.4,8.9,317.63,-31.44,[42.34],[48],0.0,48.0,0.96,0.68
SHRIRAMFIN.NS,Shriram Finance Ltd.,Financial Services,Stage 3,1.94,54.5,10205327264.75,"Stage 3, distribution_risk",watchlist,6.39,8.89,1109.94,-19.67,[15.69],[6],0.0,6.0,1.63,0.94
NEULANDLAB.NS,Neuland Laboratories Ltd.,Healthcare,Stage 4,-5.63,-5.98,367431754.5,"Stage 4, volume_dryup, downtrend",watchlist,3.89,8.89,14170.0,-12.26,[29.08],[40],0.0,40.0,0.71,0.51
ACE.NS,Action Construction Equipment Ltd.,Capital Goods,Stage 3,-1.2,-16.15,199069931.89,"Stage 3, distribution_risk",watchlist,3.88,8.88,933.73,-12.44,[23.18],[29],0.0,29.0,1.2,1.06
BALKRISIND.NS,Balkrishna Industries Ltd.,Automobile and Auto Components,Stage 3,1.71,-1.4,321066482.14,"Stage 3, weekly_vcp_ok, volume_dryup, weekly_strong, distribution_risk",watchlist,6.33,8.83,2312.84,-10.62,[7.81],[31],0.0,31.0,0.76,0.89
IRFC.NS,Indian Railway Finance Corporation Ltd.,Financial Services,Stage 3,-13.09,-16.8,1710176303.1,"Stage 3, weekly_vcp_ok, weekly_strong, distribution_risk",watchlist,6.3,8.8,120.52,-23.8,[30.55],[48],0.0,48.0,1.0,1.07
APOLLOTYRE.NS,Apollo Tyres Ltd.,Automobile and Auto Components,Stage 3,-5.1,-3.56,477211518.46,"Stage 3, volume_dryup, distribution_risk",watchlist,6.3,8.8,428.75,-4.5,[25.79],[26],0.0,26.0,0.7,0.4
JUBLPHARMA.NS,Jubilant Pharmova Ltd.,Healthcare,Stage 3,-9.37,-13.05,162782461.34,"Stage 3, distribution_risk",watchlist,3.77,8.77,912.49,-8.02,[21.27],[23],0.0,23.0,1.26,1.22
LTFOODS.NS,LT Foods Ltd.,Fast Moving Consumer Goods,Stage 3,13.7,0.98,2672142199.61,"Stage 3, volume_dryup, distribution_risk",watchlist,7.72,8.72,472.78,-18.34,[18.64],[18],0.0,18.0,0.18,0.16
SUPREMEIND.NS,Supreme Industries Ltd.,Capital Goods,Stage 1,21.03,-5.54,1205476760.71,"Stage 1, stage1_not_actionable, stage1_needs_more_base",watchlist,3.71,8.71,4074.8,-10.62,[7.23],[6],0.0,6.0,1.0,1.6
SBIN.NS,State Bank of India,Financial Services,Stage 3,16.12,24.83,18880609031.19,"Stage 3, distribution_risk",watchlist,6.1,8.6,1236.86,-17.66,[5.46],[6],0.0,6.0,1.16,1.31
KEI.NS,KEI Industries Ltd.,Capital Goods,Stage 3,3.3,7.84,2254201411.8,"Stage 3, distribution_risk",watchlist,3.54,8.54,5312.28,-23.8,[18.72],[11],0.0,11.0,1.12,1.26
MUTHOOTFIN.NS,Muthoot Finance Ltd.,Financial Services,Stage 3,-4.17,11.6,4131974467.74,"Stage 3, distribution_risk",watchlist,5.99,8.49,4156.76,-23.53,[22.89],[42],0.0,42.0,1.44,0.59
CRAFTSMAN.NS,Craftsman Automation Ltd.,Automobile and Auto Components,Stage 3,7.31,8.02,280516145.07,"Stage 3, weekly_vcp_ok, volume_dryup, distribution_risk",watchlist,5.98,8.48,7504.11,-9.53,[12.26],[17],0.0,17.0,0.77,0.29
POLYMED.NS,Poly Medicure Ltd.,Healthcare,Stage 4,-12.34,-23.14,358963519.45,"Stage 4, weekly_vcp_ok, weekly_strong, downtrend",watchlist,3.33,8.33,1417.48,-5.87,[33.38],[38],0.0,38.0,0.86,1.3
HCLTECH.NS,HCL Technologies Ltd.,Information Technology,Stage 3,-0.56,10.49,4707162810.25,"Stage 3, weekly_vcp_ok, weekly_strong, distribution_risk",watchlist,8.31,8.31,1580.86,-11.3,[27.1],[29],0.0,29.0,1.32,1.92
CASTROLIND.NS,Castrol India Ltd.,Oil Gas & Consumable Fuels,Stage 3,7.5,1.47,394464500.88,"Stage 3, weekly_vcp_ok, weekly_strong, distribution_risk",watchlist,3.27,8.27,183.7,-3.15,[10.74],[19],0.0,19.0,1.4,0.57
ASTRAZEN.NS,AstraZenca Pharma India Ltd.,Healthcare,Stage 3,0.2,-3.29,74786087.65,"Stage 3, weekly_vcp_ok, weekly_strong, distribution_risk",watchlist,3.25,8.25,8949.0,-12.53,[13.43],[26],0.0,26.0,1.63,0.93
PAYTM.NS,One 97 Communications Ltd.,Financial Services,Stage 4,-10.11,-2.22,2492809473.69,"Stage 4, volume_dryup, downtrend",watchlist,5.71,8.21,1356.17,-25.82,[28.45],[56],0.0,56.0,0.73,0.66
MAHABANK.NS,Bank of Maharashtra,Financial Services,Stage 3,16.97,26.04,1354228556.29,"Stage 3, weekly_vcp_ok, weekly_strong, distribution_risk",watchlist,5.59,8.09,77.13,-17.17,[11.22],[5],0.0,5.0,0.93,0.9
BAJAJ-AUTO.NS,Bajaj Auto Ltd.,Automobile and Auto Components,Stage 1,6.18,8.35,3393128940.12,"Stage 1, weekly_vcp_ok, weekly_strong, stage1_not_actionable, stage1_needs_more_base",watchlist,5.58,8.08,10204.83,-14.17,[12.06],[28],0.0,28.0,1.1,0.81
SHYAMMETL.NS,Shyam Metalics and Energy Ltd.,Capital Goods,Stage 3,5.95,-4.92,192450549.89,"Stage 3, distribution_risk",watchlist,2.85,7.85,867.57,-8.64,[18.27],[22],0.0,22.0,1.39,0.31
NYKAA.NS,FSN E-Commerce Ventures Ltd.,Consumer Services,Stage 3,5.21,14.2,1201598706.19,"Stage 3, distribution_risk",watchlist,7.83,7.83,270.37,-9.02,[15.0],[15],0.0,15.0,0.86,0.95
IIFL.NS,IIFL Finance Ltd.,Financial Services,Stage 4,-15.8,7.72,559051185.14,"Stage 4, volume_dryup, downtrend",watchlist,5.25,7.75,534.23,-18.59,[31.82],[42],0.0,42.0,0.57,0.37
BPCL.NS,Bharat Petroleum Corporation Ltd.,Oil Gas & Consumable Fuels,Stage 3,-13.09,-5.78,4923327431.96,"Stage 3, distribution_risk",watchlist,2.71,7.71,390.58,-28.79,[10.99],[14],0.0,14.0,1.55,1.24
TATACONSUM.NS,Tata Consumer Products Ltd.,Fast Moving Consumer Goods,Stage 3,-0.15,0.65,1625936036.39,"Stage 3, distribution_risk",watchlist,6.62,7.62,1187.07,-12.22,[11.21],[17],0.0,17.0,1.17,1.88
SYNGENE.NS,Syngene International Ltd.,Healthcare,Stage 4,-27.49,-28.46,678421793.76,"Stage 4, weekly_vcp_ok, weekly_strong, downtrend",watchlist,2.62,7.62,513.85,-23.89,[41.82],[53],0.0,53.0,1.02,0.34
NH.NS,Narayana Hrudayalaya Ltd.,Healthcare,Stage 3,-1.68,-0.46,576102751.52,"Stage 3, distribution_risk",watchlist,2.62,7.62,1883.19,-13.71,[13.56],[21],0.0,21.0,1.16,0.88
BAJAJFINSV.NS,Bajaj Finserv Ltd.,Financial Services,Stage 3,-7.13,-11.09,3159775924.21,"Stage 3, weekly_vcp_ok, weekly_strong, distribution_risk",watchlist,5.11,7.61,2078.53,-21.06,[9.87],[18],0.0,18.0,1.57,1.72
IDFCFIRSTB.NS,IDFC First Bank Ltd.,Financial Services,Stage 3,-17.22,-5.48,2375461386.88,"Stage 3, volume_dryup, distribution_risk",watchlist,5.11,7.61,73.93,-18.54,[22.31],[14],0.0,14.0,0.66,0.49
ESCORTS.NS,Escorts Kubota Ltd.,Capital Goods,Stage 3,-10.73,-9.61,488293124.74,"Stage 3, distribution_risk",watchlist,2.5,7.5,3656.39,-22.22,[18.0],[17],0.0,17.0,1.58,1.09
PTCIL.NS,PTC Industries Ltd.,Capital Goods,Stage 3,-6.71,4.45,323035835.9,"Stage 3, distribution_risk",watchlist,2.38,7.38,18272.94,-19.41,[11.48],[19],0.0,19.0,1.34,0.99
RCF.NS,Rashtriya Chemicals & Fertilizers Ltd.,Chemicals,Stage 3,-8.37,-11.5,895817989.52,"Stage 3, volume_dryup, distribution_risk",watchlist,6.35,7.35,130.93,-12.22,[21.87],[23],0.0,23.0,0.65,0.56
HYUNDAI.NS,Hyundai Motor India Ltd.,Automobile and Auto Components,Stage 3,-13.09,-27.34,1587654898.9,"Stage 3, distribution_risk",watchlist,4.84,7.34,2370.64,-27.8,[10.71],[15],0.0,15.0,1.55,1.74
LODHA.NS,Lodha Developers Ltd.,Realty,Stage 3,-21.98,-31.88,2750501419.15,"Stage 3, distribution_risk",watchlist,7.33,7.33,1115.15,-37.58,[23.51],[27],0.0,27.0,2.34,1.99
TVSMOTOR.NS,TVS Motor Company Ltd.,Automobile and Auto Components,Stage 3,3.93,6.82,3985911347.01,"Stage 3, distribution_risk",watchlist,4.76,7.26,3963.1,-14.43,[15.92],[20],0.0,20.0,1.18,1.03
VOLTAS.NS,Voltas Ltd.,Consumer Durables,Stage 3,3.19,-2.24,1594263522.81,"Stage 3, distribution_risk",watchlist,7.22,7.22,1585.27,-22.07,[16.33],[17],0.0,17.0,1.51,2.52
ASIANPAINT.NS,Asian Paints Ltd.,Consumer Durables,Stage 3,-9.25,0.61,2667237102.57,"Stage 3, distribution_risk",watchlist,7.21,7.21,2456.69,-11.71,[25.8],[37],0.0,37.0,0.9,1.38
M&MFIN.NS,Mahindra & Mahindra Financial Services Ltd.,Financial Services,Stage 3,-16.81,12.34,512309034.59,"Stage 3, distribution_risk",watchlist,4.71,7.21,388.28,-26.56,[17.18],[27],0.0,27.0,0.95,1.22
JKTYRE.NS,JK Tyre & Industries Ltd.,Automobile and Auto Components,Stage 3,-10.19,17.39,661302587.21,"Stage 3, volume_dryup, distribution_risk",watchlist,4.51,7.01,440.17,-11.64,[8.02],[6],0.0,6.0,0.7,0.44
POLYCAB.NS,Polycab India Ltd.,Capital Goods,Stage 3,2.71,2.38,4297046934.65,"Stage 3, distribution_risk",watchlist,2.01,7.01,8737.26,-21.28,[16.17],[12],0.0,12.0,1.17,0.78
BLUESTARCO.NS,Blue Star Ltd.,Consumer Durables,Stage 3,0.74,-11.5,1316172297.17,"Stage 3, weekly_vcp_ok, weekly_strong, distribution_risk",watchlist,7.0,7.0,1987.47,-23.1,[12.36],[16],0.0,16.0,1.37,3.56
JSL.NS,Jindal Stainless Ltd.,Metals & Mining,Stage 3,-1.93,5.3,658150405.94,"Stage 3, distribution_risk",watchlist,2.0,7.0,816.38,-12.07,[17.28],[13],0.0,13.0,1.0,1.01
BANKBARODA.NS,Bank of Baroda,Financial Services,Stage 3,-3.22,6.13,2884167954.98,"Stage 3, distribution_risk",watchlist,4.46,6.96,326.07,-23.46,[13.25],[19],0.0,19.0,1.13,1.45
ERIS.NS,Eris Lifesciences Ltd.,Healthcare,Stage 4,1.23,-8.11,90766149.32,"Stage 4, downtrend",watchlist,1.93,6.93,1531.68,-13.03,"[15.57, 16.75]","[14, 12]",0.1,33.0,1.17,0.27
NSLNISP.NS,NMDC Steel Ltd.,Metals & Mining,Stage 3,-7.32,-12.38,150334912.45,"Stage 3, weekly_vcp_ok, weekly_strong, distribution_risk",watchlist,1.88,6.88,41.21,-13.84,[16.18],[15],0.0,15.0,1.22,0.61
HINDPETRO.NS,Hindustan Petroleum Corporation Ltd.,Oil Gas & Consumable Fuels,Stage 3,-22.24,-17.56,4482865558.73,"Stage 3, distribution_risk",watchlist,1.88,6.88,455.5,-28.43,[18.86],[15],0.0,15.0,1.77,0.95
SIGNATURE.NS,Signatureglobal (India) Ltd.,Realty,Stage 3,-20.31,-21.1,342075116.91,"Stage 3, distribution_risk",watchlist,6.85,6.85,999.75,-25.03,[32.82],[23],0.0,23.0,0.84,1.59
PGEL.NS,PG Electroplast Ltd.,Consumer Durables,Stage 3,-8.57,-2.08,2611729317.38,"Stage 3, distribution_risk",watchlist,6.79,6.79,635.76,-28.52,[21.42],[15],0.0,15.0,1.27,2.23
INDIACEM.NS,India Cements Ltd.,Construction Materials,Stage 3,-5.09,1.63,72000772.87,"Stage 3, volume_dryup, distribution_risk",watchlist,6.77,6.77,455.6,-21.21,[27.45],[27],0.0,27.0,0.66,0.65
COLPAL.NS,Colgate Palmolive (India) Ltd.,Fast Moving Consumer Goods,Stage 3,0.57,-8.76,936193235.86,"Stage 3, weekly_vcp_ok, weekly_strong, distribution_risk",watchlist,5.76,6.76,2305.63,-20.65,"[7.33, 8.17]","[16, 8]",0.1,31.0,0.99,0.63
AEGISLOG.NS,Aegis Logistics Ltd.,Oil Gas & Consumable Fuels,Stage 3,-3.83,-13.4,551846274.72,"Stage 3, weekly_vcp_ok, weekly_strong, distribution_risk",watchlist,1.75,6.75,757.32,-22.19,[16.83],[14],0.0,14.0,1.01,0.62
NAVA.NS,Nava Ltd.,Power,Stage 3,11.15,-7.62,155903642.43,"Stage 3, weekly_vcp_ok, weekly_strong, distribution_risk",watchlist,1.73,6.73,606.51,-7.65,[12.52],[11],0.0,11.0,1.01,0.74
APLLTD.NS,Alembic Pharmaceuticals Ltd.,Healthcare,Stage 4,-10.01,-18.7,73861182.37,"Stage 4, downtrend",watchlist,1.62,6.62,828.9,-20.83,[22.26],[45],0.0,45.0,2.13,0.78
PETRONET.NS,Petronet LNG Ltd.,Oil Gas & Consumable Fuels,Stage 3,2.08,1.66,2172656517.31,"Stage 3, distribution_risk",watchlist,1.62,6.62,326.97,-22.11,[9.97],[10],0.0,10.0,1.45,0.54
3MINDIA.NS,3M India Ltd.,Diversified,Stage 3,-3.31,9.88,148499065.5,"Stage 3, distribution_risk",watchlist,5.6,6.6,37866.15,-21.47,[12.21],[15],0.0,15.0,0.99,1.75
SBILIFE.NS,SBI Life Insurance Company Ltd.,Financial Services,Stage 3,-0.26,7.19,2255874469.82,"Stage 3, distribution_risk",watchlist,4.1,6.6,2132.77,-16.82,[7.49],[16],0.0,16.0,1.19,1.35
ZENSARTECH.NS,Zensar Technolgies Ltd.,Information Technology,Stage 3,-10.03,-19.33,214009716.25,"Stage 3, volume_dryup, distribution_risk",watchlist,6.58,6.58,583.0,-6.74,[28.04],[35],0.0,35.0,0.78,0.77
FINPIPE.NS,Finolex Industries Ltd.,Capital Goods,Stage 3,5.57,-15.73,154852642.73,"Stage 3, weekly_vcp_ok, distribution_risk",watchlist,1.5,6.5,192.74,-17.46,[12.18],[12],0.0,12.0,1.51,0.63
PATANJALI.NS,Patanjali Foods Ltd.,Fast Moving Consumer Goods,Stage 3,-1.96,-13.69,808607526.35,"Stage 3, volume_dryup, distribution_risk",watchlist,5.48,6.48,491.36,-4.97,[17.58],[17],0.0,17.0,0.66,0.79
ECLERX.NS,eClerx Services Ltd.,Services,Stage 3,-25.93,-20.66,385749920.42,"Stage 3, weekly_vcp_ok, volume_dryup, weekly_strong, distribution_risk",watchlist,3.81,6.31,1645.37,-12.06,[16.07],[11],0.0,11.0,0.77,1.04
POONAWALLA.NS,Poonawalla Fincorp Ltd.,Financial Services,Stage 3,-6.13,-13.7,491344360.94,"Stage 3, volume_dryup, distribution_risk",watchlist,3.76,6.26,427.75,-8.05,[24.12],[9],0.0,9.0,0.74,0.59
NEWGEN.NS,Newgen Software Technologies Ltd.,Information Technology,Stage 4,-35.46,-41.91,771819307.4,"Stage 4, volume_dryup, downtrend",watchlist,6.25,6.25,638.62,-31.05,[50.04],[50],0.0,50.0,0.24,0.21
GUJGASLTD.NS,Gujarat Gas Ltd.,Oil Gas & Consumable Fuels,Stage 3,-8.86,-19.47,1236943793.3,"Stage 3, weekly_vcp_ok, weekly_strong, distribution_risk",watchlist,1.25,6.25,432.31,-28.73,[12.34],[10],0.0,10.0,1.73,0.83
LTF.NS,L&T Finance Ltd.,Financial Services,Stage 3,-11.49,6.04,1352888481.59,"Stage 3, distribution_risk",watchlist,3.74,6.24,311.04,-22.73,[18.35],[18],0.0,18.0,0.85,0.65
INDIGO.NS,InterGlobe Aviation Ltd.,Services,Stage 3,-4.68,-18.64,9686693124.36,"Stage 3, distribution_risk",watchlist,3.64,6.14,4985.01,-15.88,[20.19],[17],0.0,17.0,1.41,1.38
TRIDENT.NS,Trident Ltd.,Textiles,Stage 3,2.67,-6.41,421691964.36,"Stage 3, weekly_vcp_ok, weekly_strong, distribution_risk",watchlist,3.62,6.12,27.53,-12.38,[28.96],[29],0.0,29.0,2.11,0.59
BRITANNIA.NS,Britannia Industries Ltd.,Fast Moving Consumer Goods,Stage 1,2.67,-0.34,2305742504.5,"Stage 1, weekly_vcp_ok, weekly_strong, stage1_not_actionable, stage1_needs_more_base",watchlist,5.11,6.11,6219.36,-12.5,[7.57],[29],0.0,29.0,1.11,1.22
IRCTC.NS,Indian Railway Catering And Tourism Corporation Ltd.,Consumer Services,Stage 3,-12.39,-18.05,1027749890.12,"Stage 3, volume_dryup, distribution_risk",watchlist,6.1,6.1,652.39,-21.55,[16.36],[25],0.0,25.0,0.7,0.4
ICICIGI.NS,ICICI Lombard General Insurance Company Ltd.,Financial Services,Stage 3,-1.48,-3.1,1715899655.4,"Stage 3, distribution_risk",watchlist,3.57,6.07,1914.04,-11.75,[11.96],[13],0.0,13.0,1.69,1.49
ZEEL.NS,Zee Entertainment Enterprises Ltd.,Media Entertainment & Publication,Stage 3,-5.16,-26.33,898914541.11,"Stage 3, distribution_risk",watchlist,5.0,6.0,99.27,-25.33,[25.05],[40],0.0,40.0,1.57,0.93
NAM-INDIA.NS,Nippon Life India Asset Management Ltd.,Financial Services,Stage 3,6.78,4.14,607994679.08,"Stage 3, distribution_risk",watchlist,3.49,5.99,892.0,-6.96,[18.26],[11],0.0,11.0,0.99,1.24
IEX.NS,Indian Energy Exchange Ltd.,Financial Services,Stage 3,2.48,-5.63,774609414.82,"Stage 3, distribution_risk",watchlist,3.49,5.99,130.93,-8.79,[25.75],[15],0.0,15.0,0.84,0.48
BAYERCROP.NS,Bayer Cropscience Ltd.,Chemicals,Stage 3,16.87,6.51,128718314.08,"Stage 3, distribution_risk",watchlist,4.96,5.96,4790.37,-0.64,[12.96],[21],0.0,21.0,1.48,0.86
AADHARHFC.NS,Aadhar Housing Finance Ltd.,Financial Services,Stage 3,2.96,-6.29,200696502.47,"Stage 3, volume_dryup, distribution_risk",watchlist,3.31,5.81,501.43,-12.43,[11.3],[5],0.0,5.0,0.73,0.35
INDIAMART.NS,Indiamart Intermesh Ltd.,Consumer Services,Stage 4,3.23,-5.49,349319163.92,"Stage 4, downtrend",watchlist,5.8,5.8,2530.32,-20.21,"[8.42, 9.49]","[8, 5]",0.1,101.0,1.09,0.68
EXIDEIND.NS,Exide Industries Ltd.,Automobile and Auto Components,Stage 3,-4.94,-15.11,477741884.48,"Stage 3, distribution_risk",watchlist,3.28,5.78,343.6,-12.91,[17.9],[19],0.0,19.0,0.99,1.2
AUBANK.NS,AU Small Finance Bank Ltd.,Financial Services,Stage 3,-0.26,25.46,2441170635.36,"Stage 3, distribution_risk",watchlist,3.27,5.77,981.87,-11.57,[8.34],[6],0.0,6.0,1.12,0.67
BAJFINANCE.NS,Bajaj Finance Ltd.,Financial Services,Stage 3,-3.77,-8.68,10134119697.03,"Stage 3, distribution_risk",watchlist,3.25,5.75,1047.83,-21.09,[14.5],[26],0.0,26.0,1.49,0.94
CUB.NS,City Union Bank Ltd.,Financial Services,Stage 3,-4.86,22.31,747287273.95,"Stage 3, distribution_risk",watchlist,3.24,5.74,295.42,-18.59,[23.21],[12],0.0,12.0,1.26,0.94
UNITDSPR.NS,United Spirits Ltd.,Fast Moving Consumer Goods,Stage 3,-1.41,2.43,1951553910.32,"Stage 3, distribution_risk",watchlist,4.73,5.73,1431.3,-14.68,[13.13],[37],0.0,37.0,1.63,0.91
RAINBOW.NS,Rainbow Childrens Medicare Ltd.,Healthcare,Stage 4,-0.36,-7.71,183426021.83,"Stage 4, downtrend",watchlist,0.73,5.73,1250.0,-8.04,[21.47],[35],0.0,35.0,1.23,1.09
CHOLAFIN.NS,Cholamandalam Investment and Finance Company Ltd.,Financial Services,Stage 3,-7.83,-6.85,3109486471.86,"Stage 3, distribution_risk",watchlist,3.22,5.72,1777.71,-23.71,[16.63],[18],0.0,18.0,1.4,1.24
GMRAIRPORT.NS,GMR Airports Ltd.,Services,Stage 3,-2.42,10.14,1493736485.52,"Stage 3, distribution_risk",watchlist,3.15,5.65,103.21,-13.89,[17.5],[19],0.0,19.0,1.27,0.55
KALYANKJIL.NS,Kalyan Jewellers India Ltd.,Consumer Durables,Stage 3,-6.31,-4.16,1214611470.15,"Stage 3, volume_dryup, distribution_risk",watchlist,5.62,5.62,418.23,-5.71,[35.05],[13],0.0,13.0,0.51,0.4
ASAHIINDIA.NS,Asahi India Glass Ltd.,Automobile and Auto Components,Stage 3,-6.62,1.75,631899893.93,"Stage 3, distribution_risk",watchlist,3.12,5.62,960.0,-14.42,[23.26],[25],0.0,25.0,4.07,0.21
EIDPARRY.NS,E.I.D. Parry (India) Ltd.,Fast Moving Consumer Goods,Stage 3,-9.54,-12.41,205318071.62,"Stage 3, distribution_risk",watchlist,4.61,5.61,943.8,-14.46,[18.4],[32],0.0,32.0,1.09,1.15
NETWEB.NS,Netweb Technologies India Ltd.,Information Technology,Stage 3,13.86,-4.12,5233595495.71,"Stage 3, weekly_vcp_ok, volume_dryup, weekly_strong, distribution_risk",watchlist,5.6,5.6,4001.39,-21.15,[24.14],[5],0.0,5.0,0.4,0.27
MINDACORP.NS,Minda Corporation Ltd.,Automobile and Auto Components,Stage 3,-0.14,-3.89,139529656.41,"Stage 3, distribution_risk",watchlist,3.0,5.5,555.47,-9.73,[22.8],[24],0.0,24.0,1.05,0.56
CAMS.NS,Computer Age Management Services Ltd.,Financial Services,Stage 3,2.08,-4.07,1211518924.48,"Stage 3, distribution_risk",watchlist,2.94,5.44,683.19,-3.26,[13.14],[17],0.0,17.0,1.09,1.2
UPL.NS,UPL Ltd.,Chemicals,Stage 3,-12.99,-1.48,1586752233.26,"Stage 3, weekly_vcp_ok, distribution_risk",watchlist,4.27,5.27,636.91,-6.89,[21.37],[19],0.0,19.0,0.81,0.4
360ONE.NS,360 ONE WAM Ltd.,Financial Services,Stage 3,-9.19,1.57,748800295.77,"Stage 3, distribution_risk",watchlist,2.77,5.27,1144.9,-18.43,[13.65],[10],0.0,10.0,0.85,0.65
CANBK.NS,Canara Bank,Financial Services,Stage 3,-5.56,13.32,3482088474.55,"Stage 3, distribution_risk",watchlist,2.75,5.25,163.18,-22.14,[12.84],[12],0.0,12.0,0.99,1.08
MANAPPURAM.NS,Manappuram Finance Ltd.,Financial Services,Stage 3,-4.52,-1.34,1409159562.69,"Stage 3, distribution_risk",watchlist,2.69,5.19,273.25,-6.39,[18.94],[17],0.0,17.0,1.11,1.14
LT.NS,Larsen & Toubro Ltd.,Construction,Stage 3,0.92,5.83,17980689393.2,"Stage 3, distribution_risk",watchlist,5.18,5.18,4447.77,-18.77,[9.57],[29],0.0,29.0,1.37,1.22
MOTILALOFS.NS,Motilal Oswal Financial Services Ltd.,Financial Services,Stage 4,-6.88,-16.76,673478741.17,"Stage 4, downtrend",watchlist,2.68,5.18,829.0,-17.38,"[16.86, 17.96]","[6, 6]",0.1,39.0,1.11,0.82
KEC.NS,Kec International Ltd.,Construction,Stage 4,-15.81,-28.51,500364823.63,"Stage 4, downtrend",watchlist,5.15,5.15,760.33,-30.36,[28.15],[65],0.0,65.0,0.88,0.78
AFCONS.NS,Afcons Infrastructure Ltd.,Construction,Stage 4,-14.24,-28.81,138439502.96,"Stage 4, downtrend",watchlist,5.12,5.12,350.81,-19.13,"[19.55, 22.47]","[19, 18]",0.1,45.0,0.83,0.32
BOSCHLTD.NS,Bosch Ltd.,Automobile and Auto Components,Stage 4,1.6,-8.32,906793954.75,"Stage 4, downtrend",watchlist,2.62,5.12,37520.55,-14.35,[12.6],[13],0.0,13.0,1.44,3.65
MFSL.NS,Max Financial Services Ltd.,Financial Services,Stage 3,0.02,1.75,1617980414.8,"Stage 3, distribution_risk",watchlist,2.6,5.1,1895.81,-22.77,[10.89],[16],0.0,16.0,1.37,1.11
CAPLIPOINT.NS,Caplin Point Laboratories Ltd.,Healthcare,Stage 4,-2.38,-14.23,124932914.12,"Stage 4, weekly_vcp_ok, weekly_strong, downtrend",watchlist,0.0,5.0,1746.15,-10.33,[16.07],[21],0.0,21.0,1.21,0.91
SUZLON.NS,Suzlon Energy Ltd.,Capital Goods,Stage 4,-10.14,-18.35,3048931542.7,"Stage 4, downtrend",watchlist,0.0,5.0,43.62,-6.5,[23.65],[21],0.0,21.0,1.1,0.99
BERGEPAINT.NS,Berger Paints India Ltd.,Consumer Durables,Stage 4,-8.87,-10.4,184832870.45,"Stage 4, weekly_vcp_ok, weekly_strong, downtrend",watchlist,4.97,4.97,485.8,-13.08,[31.28],[57],0.0,57.0,0.82,0.76
EICHERMOT.NS,Eicher Motors Ltd.,Automobile and Auto Components,Stage 3,3.37,3.07,4545360273.15,"Stage 3, distribution_risk",watchlist,2.46,4.96,8244.4,-19.35,[19.28],[10],0.0,10.0,1.09,1.14
SUNDARMFIN.NS,Sundaram Finance Ltd.,Financial Services,Stage 3,-1.4,14.58,420783550.42,"Stage 3, distribution_risk",watchlist,2.44,4.94,5651.87,-19.71,[9.02],[9],0.0,9.0,1.16,0.94
RAILTEL.NS,Railtel Corporation Of India Ltd.,Telecommunication,Stage 4,-16.38,-21.1,361042080.51,"Stage 4, weekly_vcp_ok, weekly_strong, downtrend",watchlist,4.93,4.93,357.35,-26.25,"[16.43, 17.52]","[16, 29]",0.1,57.0,1.01,0.75
ETERNAL.NS,Eternal Ltd.,Consumer Services,Stage 3,-3.94,-19.94,13083425710.03,"Stage 3, distribution_risk",watchlist,4.91,4.91,309.09,-25.03,[30.3],[35],0.0,35.0,1.01,1.13
MARUTI.NS,Maruti Suzuki India Ltd.,Automobile and Auto Components,Stage 3,-11.92,-13.1,8287665563.7,"Stage 3, distribution_risk",watchlist,2.38,4.88,15250.64,-17.18,[19.07],[19],0.0,19.0,1.12,0.85
CDSL.NS,Central Depository Services (India) Ltd.,Financial Services,Stage 4,-5.39,-11.7,2438962365.5,"Stage 4, downtrend",watchlist,2.33,4.83,1454.24,-18.42,[28.6],[50],0.0,50.0,1.15,1.02
SBICARD.NS,SBI Cards and Payment Services Ltd.,Financial Services,Stage 3,-13.24,-17.94,1056355551.43,"Stage 3, distribution_risk",watchlist,2.25,4.75,793.61,-19.58,[20.0],[18],0.0,18.0,1.23,0.54
ANANTRAJ.NS,Anant Raj Ltd.,Realty,Stage 3,-5.02,-27.51,1044259607.86,"Stage 3, weekly_vcp_ok, weekly_strong, distribution_risk",watchlist,4.74,4.74,577.01,-21.71,[27.23],[28],0.0,28.0,0.88,0.79
IDBI.NS,IDBI Bank Ltd.,Financial Services,Stage 3,-20.03,-14.28,2357102368.72,"Stage 3, distribution_risk",watchlist,2.18,4.68,117.76,-40.94,[20.47],[12],0.0,12.0,1.1,1.17
ALKYLAMINE.NS,Alkyl Amines Chemicals Ltd.,Chemicals,Stage 3,-4.93,-23.96,306250062.18,"Stage 3, distribution_risk",watchlist,3.62,4.62,1476.88,-10.69,[26.72],[29],0.0,29.0,3.26,0.64
ICICIBANK.NS,ICICI Bank Ltd.,Financial Services,Stage 3,2.97,-1.94,24310694063.34,"Stage 3, weekly_vcp_ok, weekly_strong, distribution_risk",watchlist,2.06,4.56,1412.47,-13.92,[7.99],[8],0.0,8.0,1.14,1.24
NUVOCO.NS,Nuvoco Vistas Corporation Ltd.,Construction Materials,Stage 3,-5.28,-22.84,121935121.48,"Stage 3, volume_dryup, distribution_risk",watchlist,4.55,4.55,329.58,-11.13,[22.52],[17],0.0,17.0,0.76,0.28
NAUKRI.NS,Info Edge (India) Ltd.,Consumer Services,Stage 3,-12.88,-16.3,2154976688.89,"Stage 3, weekly_vcp_ok, weekly_strong, distribution_risk",watchlist,4.5,4.5,1007.76,-1.39,[32.81],[36],0.0,36.0,1.3,0.79
COFORGE.NS,Coforge Ltd.,Information Technology,Stage 4,-14.43,-13.59,3870857492.17,"Stage 4, weekly_vcp_ok, weekly_strong, downtrend",watchlist,4.4,4.4,1762.08,-31.14,[41.99],[39],0.0,39.0,1.05,1.88
FIVESTAR.NS,Five-Star Business Finance Ltd.,Financial Services,Stage 4,-21.44,-22.21,586190646.2,"Stage 4, downtrend",watchlist,1.8,4.3,382.77,-5.79,"[17.79, 20.05]","[18, 6]",0.1,32.0,1.2,0.56
TECHM.NS,Tech Mahindra Ltd.,Information Technology,Stage 3,3.05,11.13,3138027949.85,"Stage 3, distribution_risk",watchlist,4.29,4.29,1441.72,-0.02,[29.66],[23],0.0,23.0,1.16,0.97
GODREJPROP.NS,Godrej Properties Ltd.,Realty,Stage 3,-12.31,-16.59,2077875565.71,"Stage 3, volume_dryup, distribution_risk",watchlist,4.29,4.29,1668.92,-9.62,[31.85],[12],0.0,12.0,0.72,0.73
ICICIPRULI.NS,ICICI Prudential Life Insurance Company Ltd.,Financial Services,Stage 3,-12.23,-6.68,711327447.31,"Stage 3, weekly_vcp_ok, weekly_strong, distribution_risk",watchlist,1.78,4.28,678.74,-25.83,[18.43],[6],0.0,6.0,1.3,1.26
ITC.NS,ITC Ltd.,Fast Moving Consumer Goods,Stage 3,-13.37,-18.71,7406105805.85,"Stage 3, distribution_risk",watchlist,3.25,4.25,334.83,-12.54,[26.25],[26],0.0,26.0,1.16,0.78
CHOLAHLDNG.NS,Cholamandalam Financial Holdings Ltd.,Financial Services,Stage 3,-10.51,-20.02,398676015.24,"Stage 3, distribution_risk",watchlist,1.75,4.25,1727.22,-19.12,[19.24],[14],0.0,14.0,1.5,0.53
DOMS.NS,DOMS Industries Ltd.,Fast Moving Consumer Goods,Stage 4,2.53,1.64,970781901.99,"Stage 4, volume_dryup, downtrend",watchlist,3.04,4.04,2393.43,-1.55,[26.54],[21],0.0,21.0,0.58,0.2
INDUSINDBK.NS,IndusInd Bank Ltd.,Financial Services,Stage 1,2.54,15.52,3732960589.54,"Stage 1, weekly_vcp_ok, weekly_strong, stage1_not_actionable, stage1_needs_more_base",watchlist,1.43,3.93,970.55,-19.77,[11.51],[5],0.0,5.0,1.26,0.57
PCBL.NS,PCBL Chemical Ltd.,Chemicals,Stage 3,-1.68,-21.84,1389010549.3,"Stage 3, distribution_risk",watchlist,2.88,3.88,331.23,-21.83,[20.65],[23],0.0,23.0,1.88,0.34
APTUS.NS,Aptus Value Housing Finance India Ltd.,Financial Services,Stage 4,-16.11,-29.1,570773953.31,"Stage 4, downtrend",watchlist,1.37,3.87,250.89,-20.51,[12.44],[16],0.0,16.0,2.02,1.84
BHARTIARTL.NS,Bharti Airtel Ltd.,Telecommunication,Stage 3,-2.57,1.96,20523867635.53,"Stage 3, distribution_risk",watchlist,3.8,3.8,1932.48,-7.39,[13.91],[23],0.0,23.0,1.22,1.23
REDINGTON.NS,Redington Ltd.,Services,Stage 4,-13.72,-23.07,1999960812.61,"Stage 4, weekly_vcp_ok, volume_dryup, weekly_strong, downtrend",watchlist,1.23,3.73,286.5,-29.8,[18.14],[12],0.0,12.0,0.74,1.27
BLS.NS,BLS International Services Ltd.,Consumer Services,Stage 3,-3.38,-9.82,2026810908.45,"Stage 3, weekly_vcp_ok, weekly_strong, distribution_risk",watchlist,3.7,3.7,297.82,-9.88,[27.66],[27],0.0,27.0,2.51,1.08
NIVABUPA.NS,Niva Bupa Health Insurance Company Ltd.,Financial Services,Stage 4,8.71,-4.86,160127295.11,"Stage 4, downtrend",watchlist,1.18,3.68,77.24,-6.01,[15.72],[23],0.0,23.0,0.81,0.19
MMTC.NS,MMTC Ltd.,Services,Stage 4,-5.22,-6.51,580194407.73,"Stage 4, weekly_vcp_ok, weekly_strong, downtrend",watchlist,1.12,3.62,67.42,-17.89,[28.78],[41],0.0,41.0,2.83,0.47
TATACOMM.NS,Tata Communications Ltd.,Telecommunication,Stage 4,-11.56,-6.12,445776198.93,"Stage 4, downtrend",watchlist,3.56,3.56,1710.0,-18.87,[22.58],[46],0.0,46.0,0.82,0.68
GODREJCP.NS,Godrej Consumer Products Ltd.,Fast Moving Consumer Goods,Stage 3,-5.82,-6.91,1848665503.39,"Stage 3, distribution_risk",watchlist,2.53,3.53,1242.57,-19.94,[12.31],[13],0.0,13.0,1.15,1.23
HAVELLS.NS,Havells India Ltd.,Consumer Durables,Stage 3,-4.46,-13.45,1491497844.38,"Stage 3, distribution_risk",watchlist,3.5,3.5,1442.3,-18.14,[13.37],[28],0.0,28.0,1.43,0.97
FLUOROCHEM.NS,Gujarat Fluorochemicals Ltd.,Chemicals,Stage 3,-0.19,-4.98,297652162.75,"Stage 3, distribution_risk",watchlist,2.5,3.5,3556.21,-9.92,[21.41],[20],0.0,20.0,1.52,0.43
AIIL.NS,Authum Investment & Infrastructure Ltd.,Financial Services,Stage 4,-17.6,-21.36,650546158.16,"Stage 4, downtrend",watchlist,0.93,3.43,515.5,-18.58,[41.43],[36],0.0,36.0,1.25,1.11
RVNL.NS,Rail Vikas Nigam Ltd.,Construction,Stage 3,-14.37,-15.59,2041059388.97,"Stage 3, weekly_vcp_ok, weekly_strong, distribution_risk",watchlist,3.37,3.37,324.57,-19.69,[10.26],[16],0.0,16.0,0.86,0.77
INDHOTEL.NS,Indian Hotels Co. Ltd.,Consumer Services,Stage 3,-8.69,-11.67,2127875500.29,"Stage 3, distribution_risk",watchlist,3.18,3.18,686.2,-15.08,[15.63],[16],0.0,16.0,1.23,1.29
VGUARD.NS,V-Guard Industries Ltd.,Consumer Durables,Stage 3,10.82,-4.2,85370652.2,"Stage 3, distribution_risk",watchlist,3.16,3.16,333.58,-3.26,[18.64],[20],0.0,20.0,1.4,0.71
NBCC.NS,NBCC (India) Ltd.,Construction,Stage 3,-19.24,-14.47,1035566062.73,"Stage 3, distribution_risk",watchlist,3.13,3.13,88.84,-6.47,[25.71],[24],0.0,24.0,1.27,1.03
SWANCORP.NS,Swan Corp Ltd.,Chemicals,Stage 3,-20.56,-22.58,462297051.75,"Stage 3, distribution_risk",watchlist,2.12,3.12,369.6,-15.0,[19.68],[17],0.0,17.0,1.48,0.99
DEEPAKNTR.NS,Deepak Nitrite Ltd.,Chemicals,Stage 3,-8.01,-16.99,272198203.03,"Stage 3, weekly_vcp_ok, weekly_strong, distribution_risk",watchlist,2.0,3.0,1434.41,-3.95,[15.5],[16],0.0,16.0,1.52,0.77
INFY.NS,Infosys Ltd.,Information Technology,Stage 4,-7.04,-0.52,14895103472.79,"Stage 4, weekly_vcp_ok, weekly_strong, downtrend",watchlist,2.88,2.88,1731.02,-24.85,[22.53],[55],0.0,55.0,1.03,0.99
ITI.NS,ITI Ltd.,Telecommunication,Stage 3,-5.32,-7.51,2419535320.85,"Stage 3, weekly_vcp_ok, distribution_risk",watchlist,2.88,2.88,298.22,-14.55,[21.47],[23],0.0,23.0,1.22,0.15
CERA.NS,Cera Sanitaryware Ltd,Consumer Durables,Stage 3,3.12,-16.43,114755141.13,"Stage 3, distribution_risk",watchlist,2.88,2.88,5028.08,-6.98,[16.61],[23],0.0,23.0,1.63,0.31
MAPMYINDIA.NS,C.E. Info Systems Ltd.,Information Technology,Stage 3,-36.86,-38.68,198342163.16,"Stage 3, distribution_risk",watchlist,2.88,2.88,1026.29,-14.67,[29.84],[23],0.0,23.0,1.54,0.68
PRESTIGE.NS,Prestige Estates Projects Ltd.,Realty,Stage 4,-15.33,-16.38,1215152745.84,"Stage 4, downtrend",watchlist,2.75,2.75,1331.43,-13.48,[19.42],[14],0.0,14.0,1.25,2.5
DEEPAKFERT.NS,Deepak Fertilisers & Petrochemicals Corp. Ltd.,Chemicals,Stage 4,-10.43,-25.98,718291160.9,"Stage 4, weekly_vcp_ok, weekly_strong, downtrend",watchlist,1.75,2.75,1095.71,-9.4,[31.35],[46],0.0,46.0,2.3,0.93
OFSS.NS,Oracle Financial Services Software Ltd.,Information Technology,Stage 3,3.4,-8.13,1285477217.7,"Stage 3, distribution_risk",watchlist,2.5,2.5,7002.49,-0.14,[20.89],[20],0.0,20.0,1.48,0.88
KFINTECH.NS,Kfin Technologies Ltd.,Financial Services,Stage 4,-4.0,-7.02,693057971.64,"Stage 4, weekly_vcp_ok, weekly_strong, downtrend",watchlist,0.0,2.5,956.95,-5.52,[17.14],[23],0.0,23.0,1.0,0.52
NUVAMA.NS,Nuvama Wealth Management Ltd.,Financial Services,Stage 4,-8.85,5.89,503748427.29,"Stage 4, weekly_vcp_ok, weekly_strong, downtrend",watchlist,0.0,2.5,1266.81,-9.81,[20.12],[24],0.0,24.0,1.22,0.82
RECLTD.NS,REC Ltd.,Financial Services,Stage 4,5.47,-1.78,3015366291.3,"Stage 4, downtrend",watchlist,0.0,2.5,354.69,-8.43,[15.93],[21],0.0,21.0,1.06,0.87
MRF.NS,MRF Ltd.,Automobile and Auto Components,Stage 4,-3.91,-7.04,1114922858.25,"Stage 4, downtrend",watchlist,0.0,2.5,148259.0,-14.75,[16.32],[27],0.0,27.0,1.01,0.92
YESBANK.NS,Yes Bank Ltd.,Financial Services,Stage 4,-4.83,-7.19,1917035145.71,"Stage 4, downtrend",watchlist,0.0,2.5,21.28,-16.01,[13.8],[5],0.0,5.0,1.19,1.0
M&M.NS,Mahindra & Mahindra Ltd.,Automobile and Auto Components,Stage 4,-6.37,-4.01,12517355174.73,"Stage 4, downtrend",watchlist,0.0,2.5,3513.14,-14.27,[23.53],[22],0.0,22.0,1.17,1.01
DALBHARAT.NS,Dalmia Bharat Ltd.,Construction Materials,Stage 3,-3.36,-11.49,423957397.05,"Stage 3, weekly_vcp_ok, weekly_strong, distribution_risk",watchlist,2.4,2.4,1943.39,-7.67,[12.35],[6],0.0,6.0,0.84,0.41
GODFRYPHLP.NS,Godfrey Phillips India Ltd.,Fast Moving Consumer Goods,Stage 3,-18.42,-37.44,2101892804.82,"Stage 3, distribution_risk",watchlist,1.25,2.25,2188.0,-12.71,[17.45],[10],0.0,10.0,1.18,0.5
RADICO.NS,Radico Khaitan Ltd,Fast Moving Consumer Goods,Stage 3,-9.86,-1.13,1450324494.63,"Stage 3, distribution_risk",watchlist,1.25,2.25,2926.11,-10.35,[12.52],[10],0.0,10.0,1.05,0.69
IKS.NS,Inventurus Knowledge Solutions Ltd.,Information Technology,Stage 3,-7.08,-1.83,377347852.17,"Stage 3, distribution_risk",watchlist,2.13,2.13,1411.27,-4.84,[28.07],[17],0.0,17.0,1.0,0.48
CHALET.NS,Chalet Hotels Ltd.,Consumer Services,Stage 3,-3.88,-15.88,119639595.49,"Stage 3, distribution_risk",watchlist,2.0,2.0,781.01,-6.72,[12.14],[16],0.0,16.0,1.35,0.35
SWIGGY.NS,Swiggy Ltd.,Consumer Services,Stage 4,-16.28,-26.01,3535916216.17,"Stage 4, downtrend",watchlist,1.88,1.88,359.63,-23.43,[26.44],[47],0.0,47.0,1.24,0.81
PHOENIXLTD.NS,Phoenix Mills Ltd.,Realty,Stage 3,-5.19,6.89,933465817.08,"Stage 3, weekly_vcp_ok, weekly_strong, distribution_risk",watchlist,1.79,1.79,1636.76,-6.82,[19.72],[13],0.0,13.0,1.35,0.84
KPITTECH.NS,KPIT Technologies Ltd.,Information Technology,Stage 4,-28.0,-34.4,1449031220.09,"Stage 4, downtrend",watchlist,1.75,1.75,995.64,-30.01,[49.6],[46],0.0,46.0,1.11,0.95
HAPPSTMNDS.NS,Happiest Minds Technologies Ltd.,Information Technology,Stage 3,-2.17,-17.66,3336459272.13,"Stage 3, distribution_risk",watchlist,1.62,1.62,455.1,-13.61,[19.37],[13],0.0,13.0,1.3,0.36
OBEROIRLTY.NS,Oberoi Realty Ltd.,Realty,Stage 4,2.76,2.25,1058229896.47,"Stage 4, downtrend",watchlist,1.41,1.41,1585.57,-4.96,[16.33],[35],0.0,35.0,1.11,1.13
RAMCOCEM.NS,The Ramco Cements Ltd.,Construction Materials,Stage 3,0.71,0.24,230273297.93,"Stage 3, weekly_vcp_ok, weekly_strong, distribution_risk",watchlist,1.22,1.22,1162.73,-20.43,[6.84],[9],0.0,9.0,1.16,0.44
ULTRACEMCO.NS,UltraTech Cement Ltd.,Construction Materials,Stage 3,2.56,-3.93,4839557809.1,"Stage 3, weekly_vcp_ok, weekly_strong, distribution_risk",watchlist,1.16,1.16,13111.91,-19.0,[6.28],[8],0.0,8.0,1.29,1.04
SAGILITY.NS,Sagility Ltd.,Information Technology,Stage 3,-7.34,5.06,1659364130.82,"Stage 3, distribution_risk",watchlist,1.12,1.12,43.02,-2.99,[13.19],[9],0.0,9.0,1.14,0.54
TATAELXSI.NS,Tata Elxsi Ltd.,Information Technology,Stage 3,-6.63,-12.12,1383819568.85,"Stage 3, distribution_risk",watchlist,1.0,1.0,4295.5,-1.26,[8.86],[8],0.0,8.0,1.26,0.92
SUMICHEM.NS,Sumitomo Chemical India Ltd.,Chemicals,Stage 4,-6.18,-19.99,105638509.55,"Stage 4, weekly_vcp_ok, weekly_strong, downtrend",watchlist,0.0,1.0,401.0,-4.41,[17.75],[14],0.0,14.0,0.9,0.41
DCMSHRIRAM.NS,DCM Shriram Ltd.,Diversified,Stage 1,3.72,6.56,83810732.5,"Stage 1, stage1_not_actionable, stage1_needs_more_base",watchlist,0.0,1.0,1099.82,2.88,[22.4],[23],0.0,23.0,1.06,0.8
BASF.NS,BASF India Ltd.,Chemicals,Stage 4,-3.91,-17.24,93324422.95,"Stage 4, downtrend",watchlist,0.0,1.0,3617.32,-8.47,[16.87],[18],0.0,18.0,1.48,0.5
CLEAN.NS,Clean Science and Technology Ltd.,Chemicals,Stage 4,-6.28,-27.69,171564552.42,"Stage 4, downtrend",watchlist,0.0,1.0,788.78,-9.95,[14.47],[6],0.0,6.0,0.89,0.94
EMAMILTD.NS,Emami Ltd.,Fast Moving Consumer Goods,Stage 4,-11.31,-18.78,280076927.46,"Stage 4, downtrend",watchlist,0.0,1.0,508.2,-21.63,[14.69],[32],0.0,32.0,1.22,0.77
FIRSTCRY.NS,Brainbees Solutions Ltd.,Consumer Services,Stage 3,-9.37,-30.16,1822464756.16,"Stage 3, weekly_vcp_ok, weekly_strong, distribution_risk",watchlist,0.88,0.88,252.51,-11.16,[28.53],[7],0.0,7.0,2.61,0.32
DLF.NS,DLF Ltd.,Realty,Stage 4,-11.59,-19.81,3230347468.01,"Stage 4, downtrend",watchlist,0.39,0.39,596.04,-12.38,[17.95],[13],0.0,13.0,1.21,1.69
PERSISTENT.NS,Persistent Systems Ltd.,Information Technology,Stage 4,-3.92,15.59,3676283505.05,"Stage 4, downtrend",watchlist,0.09,0.09,4903.57,6.61,[32.1],[19],0.0,19.0,1.01,1.14
SONATSOFTW.NS,Sonata Software Ltd.,Information Technology,Stage 4,-22.87,-24.05,262535548.5,"Stage 4, weekly_vcp_ok, weekly_strong, downtrend",watchlist,0.0,0.0,293.01,-20.89,[19.91],[13],0.0,13.0,1.0,1.19
CENTURYPLY.NS,Century Plyboards (India) Ltd.,Consumer Durables,Stage 4,1.43,-1.67,59129939.22,"Stage 4, weekly_vcp_ok, weekly_strong, downtrend",watchlist,0.0,0.0,775.0,-6.76,[16.94],[19],0.0,19.0,1.4,0.56
IRCON.NS,IRCON International Ltd.,Construction,Stage 4,-16.67,-17.65,1020783654.18,"Stage 4, weekly_vcp_ok, weekly_strong, downtrend",watchlist,0.0,0.0,150.56,-17.0,[20.44],[25],0.0,25.0,1.1,0.81
INTELLECT.NS,Intellect Design Arena Ltd.,Information Technology,Stage 4,-19.81,-23.41,314909333.77,"Stage 4, weekly_vcp_ok, weekly_strong, downtrend",watchlist,0.0,0.0,699.0,-5.88,[28.76],[11],0.0,11.0,1.21,0.54
WIPRO.NS,Wipro Ltd.,Information Technology,Stage 4,-11.62,-8.69,3483563236.86,"Stage 4, weekly_vcp_ok, weekly_strong, downtrend",watchlist,0.0,0.0,206.31,-5.53,[12.81],[10],0.0,10.0,1.01,0.91
JUBLFOOD.NS,Jubilant Foodworks Ltd.,Consumer Services,Stage 4,-7.62,-18.56,1133501241.85,"Stage 4, downtrend",watchlist,0.0,0.0,540.4,-17.37,[16.69],[19],0.0,19.0,1.01,1.15
TBOTEK.NS,TBO Tek Ltd.,Consumer Services,Stage 4,-21.82,-18.1,164989267.8,"Stage 4, downtrend",watchlist,0.0,0.0,1253.09,-12.77,[32.06],[15],0.0,15.0,1.38,0.39
ACC.NS,ACC Ltd.,Construction Materials,Stage 4,-11.26,-18.78,394575042.43,"Stage 4, downtrend",watchlist,0.0,0.0,1634.46,-18.88,[11.74],[27],0.0,27.0,1.55,0.93
ABFRL.NS,Aditya Birla Fashion and Retail Ltd.,Consumer Services,Stage 4,-12.47,-24.3,375951010.73,"Stage 4, downtrend",watchlist,0.0,0.0,63.73,-9.53,[24.74],[22],0.0,22.0,1.01,0.41
AMBUJACEM.NS,Ambuja Cements Ltd.,Construction Materials,Stage 4,-12.35,-17.69,1540682180.57,"Stage 4, downtrend",watchlist,0.0,0.0,428.45,-2.33,[13.92],[19],0.0,19.0,1.46,0.75
MANYAVAR.NS,Vedant Fashions Ltd.,Consumer Services,Stage 4,-24.17,-38.89,249665635.19,"Stage 4, downtrend",watchlist,0.0,0.0,370.35,-0.36,[36.69],[28],0.0,28.0,1.81,0.64
